Municipal Department,"Provo, Utah",,Staff Directory,,,,,https://provo.gov/Directory.aspx?DID=1
Municipal Department,"Provo, Utah",,Staff Directory,,,,,https://provo.gov/Directory.aspx?DID=2
Municipal Department,"Provo, Utah",,Staff Directory,,,,,https://provo.gov/Directory.aspx?DID=3
Municipal Department,"Provo, Utah",,Staff Directory,,,,,https://provo.gov/Directory.aspx?DID=4
Municipal Department,"Provo, Utah",,Staff Directory,,,,,https://provo.gov/Directory.aspx?DID=5
Municipal Department,"Provo, Utah",,Staff Directory,,,,,https://provo.gov/Directory.aspx?DID=6
Municipal Department,"Provo, Utah",,Staff Directory,,,,,https://provo.gov/Directory.aspx?DID=7
Municipal Department,"Provo, Utah",,Staff Directory,,,,,https://provo.gov/Directory.aspx?DID=8
Municipal Department,"Provo, Utah",,Staff Directory,,,,,https://provo.gov/Directory.aspx?DID=9
Municipal Department,"Provo, Utah",,Staff Directory,,,,,https://provo.gov/Directory.aspx?DID=10
Municipal Department,"Provo, Utah",,Staff Directory,,,,,https://provo.gov/Directory.aspx?DID=11
Municipal Department,"Provo, Utah",,Staff Directory,,,,,https://provo.gov/Directory.aspx?DID=12
Municipal Department,"Provo, Utah",,Staff Directory,,,,,https://provo.gov/Directory.aspx?DID=13
Municipal Department,"Provo, Utah",,Staff Directory,,,,,https://provo.gov/Directory.aspx?DID=14
Municipal Department,"Provo, Utah",,Staff Directory,,,,,https://provo.gov/Directory.aspx?DID=15
Municipal Department,"Provo, Utah",,Staff Directory,,,,,https://provo.gov/Directory.aspx?DID=16
Municipal Department,"Provo, Utah",,Staff Directory,,,,,https://provo.gov/Directory.aspx?DID=17
Municipal Department,"Provo, Utah",,Staff Directory,,,,,https://provo.gov/Directory.aspx?DID=18
Municipal Department,"Provo, Utah",,Staff Directory,,,,,https://provo.gov/Directory.aspx?DID=19
Municipal Department,"Provo, Utah",,Staff Directory,,,,,https://provo.gov/Directory.aspx?DID=20
Municipal Department,"Provo, Utah",,Staff Directory,,,,,https://provo.gov/Directory.aspx?DID=21
Municipal Department,"Provo, Utah",,Staff Directory,,,,,https://provo.gov/Directory.aspx?DID=22
Municipal Department,"Provo, Utah",,Staff Directory,,,,,https://provo.gov/Directory.aspx?DID=23
Municipal Department,"Provo, Utah",,Staff Directory,,,,,https://provo.gov/Directory.aspx?DID=24
Municipal Department,"Provo, Utah",,Staff Directory,,,,,https://provo.gov/Directory.aspx?DID=25
Municipal Department,"Provo, Utah",,Staff Directory,,,,,https://provo.gov/Directory.aspx?DID=26
Municipal Department,"Provo, Utah",,Staff Directory,,,,,https://provo.gov/Directory.aspx?DID=27
Municipal Department,"Provo, Utah",,Staff Directory,,,,,https://provo.gov/Directory.aspx?DID=28
Municipal Department,"Provo, Utah",,Staff Directory,,,,,https://provo.gov/Directory.aspx?DID=29
Municipal Department,"Provo, Utah",,Staff Directory,,,,,https://provo.gov/Directory.aspx?DID=30
Municipal Department,"Provo, Utah",,Staff Directory,,,,,https://provo.gov/Directory.aspx?DID=31
Municipal Department,"Provo, Utah",,Staff Directory,,,,,https://provo.gov/Directory.aspx?DID=32
Municipal Department,"Provo, Utah",,Staff Directory,,,,,https://provo.gov/Directory.aspx?DID=33
Municipal Department,"Provo, Utah",,Staff Directory,,,,,https://provo.gov/Directory.aspx?DID=34
Municipal Department,"Provo, Utah",,Staff Directory,,,,,https://provo.gov/Directory.aspx?DID=35
Municipal Department,"Provo, Utah",,Staff Directory,,,,,https://provo.gov/Directory.aspx?DID=36
Municipal Department,"Provo, Utah",,Staff Directory,,,,,https://provo.gov/Directory.aspx?DID=37
Municipal Department,"Provo, Utah",,Staff Directory,,,,,https://provo.gov/Directory.aspx?DID=38
Municipal Department,"Provo, Utah",,Staff Directory,,,,,https://provo.gov/Directory.aspx?DID=39
Municipal Department,"Provo, Utah",,Staff Directory,,,,,https://provo.gov/Directory.aspx?DID=40
Municipal Department,"Provo, Utah",,Staff Directory,,,,,https://provo.gov/Directory.aspx?DID=41
Municipal Department,"Provo, Utah",,Staff Directory,,,,,https://provo.gov/Directory.aspx?DID=42
Municipal Department,"Provo, Utah",,Staff Directory,,,,,https://provo.gov/Directory.aspx?DID=43
Municipal Department,"Provo, Utah",,Staff Directory,,,,,https://provo.gov/Directory.aspx?DID=44
Municipal Department,"Provo, Utah",,Staff Directory,,,,,https://provo.gov/Directory.aspx?DID=45
Municipal Department,"Provo, Utah",,Staff Directory,,,,,https://provo.gov/Directory.aspx?DID=46
Municipal Department,"Provo, Utah",,Staff Directory,,,,,https://provo.gov/Directory.aspx?DID=47
Municipal Department,"Provo, Utah",,Staff Directory,,,,,https://provo.gov/Directory.aspx?DID=48
Municipal Department,"Provo, Utah",,Staff Directory,,,,,https://provo.gov/Directory.aspx?DID=49
Municipal Department,"Provo, Utah",,Staff Directory,,,,,https://provo.gov/Directory.aspx?DID=50
Municipal Department,"Provo, Utah",,Staff Directory,,,,,https://provo.gov/Directory.aspx?DID=51
Municipal Department,"Provo, Utah",,Staff Directory,,,,,https://provo.gov/Directory.aspx?DID=52
Municipal Department,"Provo, Utah",,Staff Directory,,,,,https://provo.gov/Directory.aspx?DID=53
Municipal Department,"Provo, Utah",,Staff Directory,,,,,https://provo.gov/Directory.aspx?DID=54
Municipal Department,"Provo, Utah",,Staff Directory,,,,,https://provo.gov/Directory.aspx?DID=55
Municipal Department,"Provo, Utah",,Staff Directory,,,,,https://provo.gov/Directory.aspx?DID=56
Municipal Department,"Provo, Utah",,Staff Directory,,,,,https://provo.gov/Directory.aspx?DID=57
Municipal Department,"Provo, Utah",,Staff Directory,,,,,https://provo.gov/Directory.aspx?DID=58
Municipal Department,"Provo, Utah",,Staff Directory,,,,,https://provo.gov/Directory.aspx?DID=59
Municipal Department,"Provo, Utah",,Staff Directory,,,,,https://provo.gov/Directory.aspx?DID=60
Municipal Department,"Provo, Utah",,Staff Directory,,,,,https://provo.gov/Directory.aspx?DID=61
Municipal Department,"Provo, Utah",,Staff Directory,,,,,https://provo.gov/Directory.aspx?DID=62
Municipal Department,"Provo, Utah",,Staff Directory,,,,,https://provo.gov/Directory.aspx?DID=63
Municipal Department,"Provo, Utah",,Staff Directory,,,,,https://provo.gov/Directory.aspx?DID=64
Municipal Department,"Provo, Utah",,Staff Directory,,,,,https://provo.gov/Directory.aspx?DID=65
Municipal Department,"Provo, Utah",,Staff Directory,,,,,https://provo.gov/Directory.aspx?DID=66
Municipal Department,"Provo, Utah",,Staff Directory,,,,,https://provo.gov/Directory.aspx?DID=67
Municipal Department,"Provo, Utah",,Staff Directory,,,,,https://provo.gov/Directory.aspx?DID=68
Municipal Department,"Provo, Utah",,Staff Directory,,,,,https://provo.gov/Directory.aspx?DID=69
Municipal Department,"Provo, Utah",,Staff Directory,,,,,https://provo.gov/Directory.aspx?DID=70
Municipal Department,"Provo, Utah",,Staff Directory,,,,,https://provo.gov/Directory.aspx?DID=71
Municipal Department,"Provo, Utah",,Staff Directory,,,,,https://provo.gov/Directory.aspx?DID=72
Municipal Department,"Provo, Utah",,Staff Directory,,,,,https://provo.gov/Directory.aspx?DID=73
Municipal Department,"Provo, Utah",,Staff Directory,,,,,https://provo.gov/Directory.aspx?DID=74
Municipal Department,"Provo, Utah",,Staff Directory,,,,,https://provo.gov/Directory.aspx?DID=75
Municipal Department,"Provo, Utah",,Staff Directory,,,,,https://provo.gov/Directory.aspx?DID=76
Municipal Department,"Provo, Utah",,Staff Directory,,,,,https://provo.gov/Directory.aspx?DID=77
Municipal Department,"Provo, Utah",,Staff Directory,,,,,https://provo.gov/Directory.aspx?DID=78
Municipal Department,"Provo, Utah",,Staff Directory,,,,,https://provo.gov/Directory.aspx?DID=79
Municipal Department,"Provo, Utah",,Staff Directory,,,,,https://provo.gov/Directory.aspx?DID=80
Municipal Department,"Provo, Utah",,Staff Directory,,,,,https://provo.gov/Directory.aspx?DID=81
Municipal Department,"Provo, Utah",,Staff Directory,,,,,https://provo.gov/Directory.aspx?DID=82
Municipal Department,"Provo, Utah",,Staff Directory,,,,,https://provo.gov/Directory.aspx?DID=83
Municipal Department,"Provo, Utah",,Staff Directory,,,,,https://provo.gov/Directory.aspx?DID=84
Municipal Department,"Provo, Utah",,Staff Directory,,,,,https://provo.gov/Directory.aspx?DID=85
Municipal Department,"Provo, Utah",,Staff Directory,,,,,https://provo.gov/Directory.aspx?DID=86
Municipal Department,"Provo, Utah",,Staff Directory,,,,,https://provo.gov/Directory.aspx?DID=87
Municipal Department,"Provo, Utah",,Staff Directory,,,,,https://provo.gov/Directory.aspx?DID=88
Municipal Department,"Provo, Utah",,Staff Directory,,,,,https://provo.gov/Directory.aspx?DID=89
Municipal Department,"Provo, Utah",,Staff Directory,,,,,https://provo.gov/Directory.aspx?DID=90
Municipal Department,"Provo, Utah",,Staff Directory,,,,,https://provo.gov/Directory.aspx?DID=91
Municipal Department,"Provo, Utah",,Staff Directory,,,,,https://provo.gov/Directory.aspx?DID=92
Municipal Department,"Provo, Utah",,Staff Directory,,,,,https://provo.gov/Directory.aspx?DID=93
Municipal Department,"Provo, Utah",,Staff Directory,,,,,https://provo.gov/Directory.aspx?DID=94
Municipal Department,"Provo, Utah",,Staff Directory,,,,,https://provo.gov/Directory.aspx?DID=95
Municipal Department,"Provo, Utah",,Staff Directory,,,,,https://provo.gov/Directory.aspx?DID=96
Municipal Department,"Provo, Utah",,Staff Directory,,,,,https://provo.gov/Directory.aspx?DID=97
Municipal Department,"Provo, Utah",,Staff Directory,,,,,https://provo.gov/Directory.aspx?DID=98
Municipal Department,"Provo, Utah",,Staff Directory,,,,,https://provo.gov/Directory.aspx?DID=99
Municipal Staff,"Provo, Utah",,,,,,,https://provo.gov/directory.aspx?EID=1
Municipal Staff,"Provo, Utah",,,,,,,https://provo.gov/directory.aspx?EID=2
Municipal Staff,"Provo, Utah",,,,,,,https://provo.gov/directory.aspx?EID=3
Municipal Staff,"Provo, Utah",,,,,,,https://provo.gov/directory.aspx?EID=4
Municipal Staff,"Provo, Utah",,,,,,,https://provo.gov/directory.aspx?EID=5
Municipal Staff,"Provo, Utah",,,,,,,https://provo.gov/directory.aspx?EID=6
Municipal Staff,"Provo, Utah",,,,,,,https://provo.gov/directory.aspx?EID=7
Municipal Staff,"Provo, Utah",,,,,,,https://provo.gov/directory.aspx?EID=8
Municipal Staff,"Provo, Utah",,,,,,,https://provo.gov/directory.aspx?EID=9
Municipal Staff,"Provo, Utah",,,,,,,https://provo.gov/directory.aspx?EID=10
Municipal Staff,"Provo, Utah",,,,,,,https://provo.gov/directory.aspx?EID=11
Municipal Staff,"Provo, Utah",,,,,,,https://provo.gov/directory.aspx?EID=12
Municipal Staff,"Provo, Utah",,,,,,,https://provo.gov/directory.aspx?EID=13
Municipal Staff,"Provo, Utah",,,,,,,https://provo.gov/directory.aspx?EID=14
Municipal Staff,"Provo, Utah",,,,,,,https://provo.gov/directory.aspx?EID=15
Municipal Staff,"Provo, Utah",,,,,,,https://provo.gov/directory.aspx?EID=16
Municipal Staff,"Provo, Utah",,,,,,,https://provo.gov/directory.aspx?EID=17
Municipal Staff,"Provo, Utah",,,,,,,https://provo.gov/directory.aspx?EID=18
Municipal Staff,"Provo, Utah",,,,,,,https://provo.gov/directory.aspx?EID=19
Municipal Staff,"Provo, Utah",,,,,,,https://provo.gov/directory.aspx?EID=20
Municipal Staff,"Provo, Utah",,,,,,,https://provo.gov/directory.aspx?EID=21
Municipal Staff,"Provo, Utah",,,,,,,https://provo.gov/directory.aspx?EID=22
Municipal Staff,"Provo, Utah",,,,,,,https://provo.gov/directory.aspx?EID=23
Municipal Staff,"Provo, Utah",,,,,,,https://provo.gov/directory.aspx?EID=24
Municipal Staff,"Provo, Utah",,,,,,,https://provo.gov/directory.aspx?EID=25
Municipal Staff,"Provo, Utah",,,,,,,https://provo.gov/directory.aspx?EID=26
Municipal Staff,"Provo, Utah",,,,,,,https://provo.gov/directory.aspx?EID=27
Municipal Staff,"Provo, Utah",,,,,,,https://provo.gov/directory.aspx?EID=28
Municipal Staff,"Provo, Utah",,,,,,,https://provo.gov/directory.aspx?EID=29
Municipal Staff,"Provo, Utah",,,,,,,https://provo.gov/directory.aspx?EID=30
Municipal Staff,"Provo, Utah",,,,,,,https://provo.gov/directory.aspx?EID=31
Municipal Staff,"Provo, Utah",,,,,,,https://provo.gov/directory.aspx?EID=32
Municipal Staff,"Provo, Utah",,,,,,,https://provo.gov/directory.aspx?EID=33
Municipal Staff,"Provo, Utah",,,,,,,https://provo.gov/directory.aspx?EID=34
Municipal Staff,"Provo, Utah",,,,,,,https://provo.gov/directory.aspx?EID=35
Municipal Staff,"Provo, Utah",,,,,,,https://provo.gov/directory.aspx?EID=36
Municipal Staff,"Provo, Utah",,,,,,,https://provo.gov/directory.aspx?EID=37
Municipal Staff,"Provo, Utah",,,,,,,https://provo.gov/directory.aspx?EID=38
Municipal Staff,"Provo, Utah",,,,,,,https://provo.gov/directory.aspx?EID=39
Municipal Staff,"Provo, Utah",,,,,,,https://provo.gov/directory.aspx?EID=40
Municipal Staff,"Provo, Utah",,,,,,,https://provo.gov/directory.aspx?EID=41
Municipal Staff,"Provo, Utah",,,,,,,https://provo.gov/directory.aspx?EID=42
Municipal Staff,"Provo, Utah",,,,,,,https://provo.gov/directory.aspx?EID=43
Municipal Staff,"Provo, Utah",,,,,,,https://provo.gov/directory.aspx?EID=44
Municipal Staff,"Provo, Utah",,,,,,,https://provo.gov/directory.aspx?EID=45
Municipal Staff,"Provo, Utah",,,,,,,https://provo.gov/directory.aspx?EID=46
Municipal Staff,"Provo, Utah",,,,,,,https://provo.gov/directory.aspx?EID=47
Municipal Staff,"Provo, Utah",,,,,,,https://provo.gov/directory.aspx?EID=48
Municipal Staff,"Provo, Utah",,,,,,,https://provo.gov/directory.aspx?EID=49
Municipal Staff,"Provo, Utah",,,,,,,https://provo.gov/directory.aspx?EID=50
Municipal Staff,"Provo, Utah",,,,,,,https://provo.gov/directory.aspx?EID=51
Municipal Staff,"Provo, Utah",,,,,,,https://provo.gov/directory.aspx?EID=52
Municipal Staff,"Provo, Utah",,,,,,,https://provo.gov/directory.aspx?EID=53
Municipal Staff,"Provo, Utah",,,,,,,https://provo.gov/directory.aspx?EID=54
Municipal Staff,"Provo, Utah",,,,,,,https://provo.gov/directory.aspx?EID=55
Municipal Staff,"Provo, Utah",,,,,,,https://provo.gov/directory.aspx?EID=56
Municipal Staff,"Provo, Utah",,,,,,,https://provo.gov/directory.aspx?EID=57
Municipal Staff,"Provo, Utah",,,,,,,https://provo.gov/directory.aspx?EID=58
Municipal Staff,"Provo, Utah",,,,,,,https://provo.gov/directory.aspx?EID=59
Municipal Staff,"Provo, Utah",,,,,,,https://provo.gov/directory.aspx?EID=60
Municipal Staff,"Provo, Utah",,,,,,,https://provo.gov/directory.aspx?EID=61
Municipal Staff,"Provo, Utah",,,,,,,https://provo.gov/directory.aspx?EID=62
Municipal Staff,"Provo, Utah",,,,,,,https://provo.gov/directory.aspx?EID=63
Municipal Staff,"Provo, Utah",,,,,,,https://provo.gov/directory.aspx?EID=64
Municipal Staff,"Provo, Utah",,,,,,,https://provo.gov/directory.aspx?EID=65
Municipal Staff,"Provo, Utah",,,,,,,https://provo.gov/directory.aspx?EID=66
Municipal Staff,"Provo, Utah",,,,,,,https://provo.gov/directory.aspx?EID=67
Municipal Staff,"Provo, Utah",,,,,,,https://provo.gov/directory.aspx?EID=68
Municipal Staff,"Provo, Utah",,,,,,,https://provo.gov/directory.aspx?EID=69
Municipal Staff,"Provo, Utah",,,,,,,https://provo.gov/directory.aspx?EID=70
Municipal Staff,"Provo, Utah",,,,,,,https://provo.gov/directory.aspx?EID=71
Municipal Staff,"Provo, Utah",,,,,,,https://provo.gov/directory.aspx?EID=72
Municipal Staff,"Provo, Utah",,,,,,,https://provo.gov/directory.aspx?EID=73
Municipal Staff,"Provo, Utah",,,,,,,https://provo.gov/directory.aspx?EID=74
Municipal Staff,"Provo, Utah",,,,,,,https://provo.gov/directory.aspx?EID=75
Municipal Staff,"Provo, Utah",,,,,,,https://provo.gov/directory.aspx?EID=76
Municipal Staff,"Provo, Utah",,,,,,,https://provo.gov/directory.aspx?EID=77
Municipal Staff,"Provo, Utah",,,,,,,https://provo.gov/directory.aspx?EID=78
Municipal Staff,"Provo, Utah",,,,,,,https://provo.gov/directory.aspx?EID=79
Municipal Staff,"Provo, Utah",,,,,,,https://provo.gov/directory.aspx?EID=80
Municipal Staff,"Provo, Utah",,,,,,,https://provo.gov/directory.aspx?EID=81
Municipal Staff,"Provo, Utah",,,,,,,https://provo.gov/directory.aspx?EID=82
Municipal Staff,"Provo, Utah",,,,,,,https://provo.gov/directory.aspx?EID=83
Municipal Staff,"Provo, Utah",,,,,,,https://provo.gov/directory.aspx?EID=84
Municipal Staff,"Provo, Utah",,,,,,,https://provo.gov/directory.aspx?EID=85
Municipal Staff,"Provo, Utah",,,,,,,https://provo.gov/directory.aspx?EID=86
Municipal Staff,"Provo, Utah",,,,,,,https://provo.gov/directory.aspx?EID=87
Municipal Staff,"Provo, Utah",,,,,,,https://provo.gov/directory.aspx?EID=88
Municipal Staff,"Provo, Utah",,,,,,,https://provo.gov/directory.aspx?EID=89
Municipal Staff,"Provo, Utah",,,,,,,https://provo.gov/directory.aspx?EID=90
Municipal Staff,"Provo, Utah",,,,,,,https://provo.gov/directory.aspx?EID=91
Municipal Staff,"Provo, Utah",,,,,,,https://provo.gov/directory.aspx?EID=92
Municipal Staff,"Provo, Utah",,,,,,,https://provo.gov/directory.aspx?EID=93
Municipal Staff,"Provo, Utah",,,,,,,https://provo.gov/directory.aspx?EID=94
Municipal Staff,"Provo, Utah",,,,,,,https://provo.gov/directory.aspx?EID=95
Municipal Staff,"Provo, Utah",,,,,,,https://provo.gov/directory.aspx?EID=96
Municipal Staff,"Provo, Utah",,,,,,,https://provo.gov/directory.aspx?EID=97
Municipal Staff,"Provo, Utah",,,,,,,https://provo.gov/directory.aspx?EID=98
Municipal Staff,"Provo, Utah",,,,,,,https://provo.gov/directory.aspx?EID=99
Municipal Staff,"Provo, Utah",,,,,,,https://provo.gov/directory.aspx?EID=100
Municipal Staff,"Provo, Utah",,,,,,,https://provo.gov/directory.aspx?EID=101
Municipal Staff,"Provo, Utah",,,,,,,https://provo.gov/directory.aspx?EID=102
Municipal Staff,"Provo, Utah",,,,,,,https://provo.gov/directory.aspx?EID=103
Municipal Staff,"Provo, Utah",,,,,,,https://provo.gov/directory.aspx?EID=104
Municipal Staff,"Provo, Utah",,,,,,,https://provo.gov/directory.aspx?EID=105
Municipal Staff,"Provo, Utah",,,,,,,https://provo.gov/directory.aspx?EID=106
Municipal Staff,"Provo, Utah",,,,,,,https://provo.gov/directory.aspx?EID=107
Municipal Staff,"Provo, Utah",,,,,,,https://provo.gov/directory.aspx?EID=108
Municipal Staff,"Provo, Utah",,,,,,,https://provo.gov/directory.aspx?EID=109
Municipal Staff,"Provo, Utah",,,,,,,https://provo.gov/directory.aspx?EID=110
Municipal Staff,"Provo, Utah",,,,,,,https://provo.gov/directory.aspx?EID=111
Municipal Staff,"Provo, Utah",,,,,,,https://provo.gov/directory.aspx?EID=112
Municipal Staff,"Provo, Utah",,,,,,,https://provo.gov/directory.aspx?EID=113
Municipal Staff,"Provo, Utah",,,,,,,https://provo.gov/directory.aspx?EID=114
Municipal Staff,"Provo, Utah",,,,,,,https://provo.gov/directory.aspx?EID=115
Municipal Staff,"Provo, Utah",,,,,,,https://provo.gov/directory.aspx?EID=116
Municipal Staff,"Provo, Utah",,,,,,,https://provo.gov/directory.aspx?EID=117
Municipal Staff,"Provo, Utah",,,,,,,https://provo.gov/directory.aspx?EID=118
Municipal Staff,"Provo, Utah",,,,,,,https://provo.gov/directory.aspx?EID=119
Municipal Staff,"Provo, Utah",,,,,,,https://provo.gov/directory.aspx?EID=120
Municipal Staff,"Provo, Utah",,,,,,,https://provo.gov/directory.aspx?EID=121
Municipal Staff,"Provo, Utah",,,,,,,https://provo.gov/directory.aspx?EID=122
Municipal Staff,"Provo, Utah",,,,,,,https://provo.gov/directory.aspx?EID=123
Municipal Staff,"Provo, Utah",,,,,,,https://provo.gov/directory.aspx?EID=124
Municipal Staff,"Provo, Utah",,,,,,,https://provo.gov/directory.aspx?EID=125
Municipal Staff,"Provo, Utah",,,,,,,https://provo.gov/directory.aspx?EID=126
Municipal Staff,"Provo, Utah",,,,,,,https://provo.gov/directory.aspx?EID=127
Municipal Staff,"Provo, Utah",,,,,,,https://provo.gov/directory.aspx?EID=128
Municipal Staff,"Provo, Utah",,,,,,,https://provo.gov/directory.aspx?EID=129
Municipal Staff,"Provo, Utah",,,,,,,https://provo.gov/directory.aspx?EID=130
Municipal Staff,"Provo, Utah",,,,,,,https://provo.gov/directory.aspx?EID=131
Municipal Staff,"Provo, Utah",,,,,,,https://provo.gov/directory.aspx?EID=132
Municipal Staff,"Provo, Utah",,,,,,,https://provo.gov/directory.aspx?EID=133
Municipal Staff,"Provo, Utah",,,,,,,https://provo.gov/directory.aspx?EID=134
Municipal Staff,"Provo, Utah",,,,,,,https://provo.gov/directory.aspx?EID=135
Municipal Staff,"Provo, Utah",,,,,,,https://provo.gov/directory.aspx?EID=136
Municipal Staff,"Provo, Utah",,,,,,,https://provo.gov/directory.aspx?EID=137
Municipal Staff,"Provo, Utah",,,,,,,https://provo.gov/directory.aspx?EID=138
Municipal Staff,"Provo, Utah",,,,,,,https://provo.gov/directory.aspx?EID=139
Municipal Staff,"Provo, Utah",,,,,,,https://provo.gov/directory.aspx?EID=140
Municipal Staff,"Provo, Utah",,,,,,,https://provo.gov/directory.aspx?EID=141
Municipal Staff,"Provo, Utah",,,,,,,https://provo.gov/directory.aspx?EID=142
Municipal Staff,"Provo, Utah",,,,,,,https://provo.gov/directory.aspx?EID=143
Municipal Staff,"Provo, Utah",,,,,,,https://provo.gov/directory.aspx?EID=144
Municipal Staff,"Provo, Utah",,,,,,,https://provo.gov/directory.aspx?EID=145
Municipal Staff,"Provo, Utah",,,,,,,https://provo.gov/directory.aspx?EID=146
Municipal Staff,"Provo, Utah",,,,,,,https://provo.gov/directory.aspx?EID=147
Municipal Staff,"Provo, Utah",,,,,,,https://provo.gov/directory.aspx?EID=148
Municipal Staff,"Provo, Utah",,,,,,,https://provo.gov/directory.aspx?EID=149
Municipal Staff,"Provo, Utah",,,,,,,https://provo.gov/directory.aspx?EID=150
Municipal Staff,"Provo, Utah",,,,,,,https://provo.gov/directory.aspx?EID=151
Municipal Staff,"Provo, Utah",,,,,,,https://provo.gov/directory.aspx?EID=152
Municipal Staff,"Provo, Utah",,,,,,,https://provo.gov/directory.aspx?EID=153
Municipal Staff,"Provo, Utah",,,,,,,https://provo.gov/directory.aspx?EID=154
Municipal Staff,"Provo, Utah",,,,,,,https://provo.gov/directory.aspx?EID=155
Municipal Staff,"Provo, Utah",,,,,,,https://provo.gov/directory.aspx?EID=156
Municipal Staff,"Provo, Utah",,,,,,,https://provo.gov/directory.aspx?EID=157
Municipal Staff,"Provo, Utah",,,,,,,https://provo.gov/directory.aspx?EID=158
Municipal Staff,"Provo, Utah",,,,,,,https://provo.gov/directory.aspx?EID=159
Municipal Staff,"Provo, Utah",,,,,,,https://provo.gov/directory.aspx?EID=160
Municipal Staff,"Provo, Utah",,,,,,,https://provo.gov/directory.aspx?EID=161
Municipal Staff,"Provo, Utah",,,,,,,https://provo.gov/directory.aspx?EID=162
Municipal Staff,"Provo, Utah",,,,,,,https://provo.gov/directory.aspx?EID=163
Municipal Staff,"Provo, Utah",,,,,,,https://provo.gov/directory.aspx?EID=164
Municipal Staff,"Provo, Utah",,,,,,,https://provo.gov/directory.aspx?EID=165
Municipal Staff,"Provo, Utah",,,,,,,https://provo.gov/directory.aspx?EID=166
Municipal Staff,"Provo, Utah",,,,,,,https://provo.gov/directory.aspx?EID=167
Municipal Staff,"Provo, Utah",,,,,,,https://provo.gov/directory.aspx?EID=168
Municipal Staff,"Provo, Utah",,,,,,,https://provo.gov/directory.aspx?EID=169
Municipal Staff,"Provo, Utah",,,,,,,https://provo.gov/directory.aspx?EID=170
Municipal Staff,"Provo, Utah",,,,,,,https://provo.gov/directory.aspx?EID=171
Municipal Staff,"Provo, Utah",,,,,,,https://provo.gov/directory.aspx?EID=172
Municipal Staff,"Provo, Utah",,,,,,,https://provo.gov/directory.aspx?EID=173
Municipal Staff,"Provo, Utah",,,,,,,https://provo.gov/directory.aspx?EID=174
Municipal Staff,"Provo, Utah",,,,,,,https://provo.gov/directory.aspx?EID=175
Municipal Staff,"Provo, Utah",,,,,,,https://provo.gov/directory.aspx?EID=176
Municipal Staff,"Provo, Utah",,,,,,,https://provo.gov/directory.aspx?EID=177
Municipal Staff,"Provo, Utah",,,,,,,https://provo.gov/directory.aspx?EID=178
Municipal Staff,"Provo, Utah",,,,,,,https://provo.gov/directory.aspx?EID=179
Municipal Staff,"Provo, Utah",,,,,,,https://provo.gov/directory.aspx?EID=180
Municipal Staff,"Provo, Utah",,,,,,,https://provo.gov/directory.aspx?EID=181
Municipal Staff,"Provo, Utah",,,,,,,https://provo.gov/directory.aspx?EID=182
Municipal Staff,"Provo, Utah",,,,,,,https://provo.gov/directory.aspx?EID=183
Municipal Staff,"Provo, Utah",,,,,,,https://provo.gov/directory.aspx?EID=184
Municipal Staff,"Provo, Utah",,,,,,,https://provo.gov/directory.aspx?EID=185
Municipal Staff,"Provo, Utah",,,,,,,https://provo.gov/directory.aspx?EID=186
Municipal Staff,"Provo, Utah",,,,,,,https://provo.gov/directory.aspx?EID=187
Municipal Staff,"Provo, Utah",,,,,,,https://provo.gov/directory.aspx?EID=188
Municipal Staff,"Provo, Utah",,,,,,,https://provo.gov/directory.aspx?EID=189
Municipal Staff,"Provo, Utah",,,,,,,https://provo.gov/directory.aspx?EID=190
Municipal Staff,"Provo, Utah",,,,,,,https://provo.gov/directory.aspx?EID=191
Municipal Staff,"Provo, Utah",,,,,,,https://provo.gov/directory.aspx?EID=192
Municipal Staff,"Provo, Utah",,,,,,,https://provo.gov/directory.aspx?EID=193
Municipal Staff,"Provo, Utah",,,,,,,https://provo.gov/directory.aspx?EID=194
Municipal Staff,"Provo, Utah",,,,,,,https://provo.gov/directory.aspx?EID=195
Municipal Staff,"Provo, Utah",,,,,,,https://provo.gov/directory.aspx?EID=196
Municipal Staff,"Provo, Utah",,,,,,,https://provo.gov/directory.aspx?EID=197
Municipal Staff,"Provo, Utah",,,,,,,https://provo.gov/directory.aspx?EID=198
Municipal Staff,"Provo, Utah",,,,,,,https://provo.gov/directory.aspx?EID=199
Municipal Staff,"Provo, Utah",,,,,,,https://provo.gov/directory.aspx?EID=200
Municipal Staff,"Provo, Utah",,,,,,,https://provo.gov/directory.aspx?EID=201
Municipal Staff,"Provo, Utah",,,,,,,https://provo.gov/directory.aspx?EID=202
Municipal Staff,"Provo, Utah",,,,,,,https://provo.gov/directory.aspx?EID=203
Municipal Staff,"Provo, Utah",,,,,,,https://provo.gov/directory.aspx?EID=204
Municipal Staff,"Provo, Utah",,,,,,,https://provo.gov/directory.aspx?EID=205
Municipal Staff,"Provo, Utah",,,,,,,https://provo.gov/directory.aspx?EID=206
Municipal Staff,"Provo, Utah",,,,,,,https://provo.gov/directory.aspx?EID=207
Municipal Staff,"Provo, Utah",,,,,,,https://provo.gov/directory.aspx?EID=208
Municipal Staff,"Provo, Utah",,,,,,,https://provo.gov/directory.aspx?EID=209
Municipal Staff,"Provo, Utah",,,,,,,https://provo.gov/directory.aspx?EID=210
Municipal Staff,"Provo, Utah",,,,,,,https://provo.gov/directory.aspx?EID=211
Municipal Staff,"Provo, Utah",,,,,,,https://provo.gov/directory.aspx?EID=212
Municipal Staff,"Provo, Utah",,,,,,,https://provo.gov/directory.aspx?EID=213
Municipal Staff,"Provo, Utah",,,,,,,https://provo.gov/directory.aspx?EID=214
Municipal Staff,"Provo, Utah",,,,,,,https://provo.gov/directory.aspx?EID=215
Municipal Staff,"Provo, Utah",,,,,,,https://provo.gov/directory.aspx?EID=216
Municipal Staff,"Provo, Utah",,,,,,,https://provo.gov/directory.aspx?EID=217
Municipal Staff,"Provo, Utah",,,,,,,https://provo.gov/directory.aspx?EID=218
Municipal Staff,"Provo, Utah",,,,,,,https://provo.gov/directory.aspx?EID=219
Municipal Staff,"Provo, Utah",,,,,,,https://provo.gov/directory.aspx?EID=220
Municipal Staff,"Provo, Utah",,,,,,,https://provo.gov/directory.aspx?EID=221
Municipal Staff,"Provo, Utah",,,,,,,https://provo.gov/directory.aspx?EID=222
Municipal Staff,"Provo, Utah",,,,,,,https://provo.gov/directory.aspx?EID=223
Municipal Staff,"Provo, Utah",,,,,,,https://provo.gov/directory.aspx?EID=224
Municipal Staff,"Provo, Utah",,,,,,,https://provo.gov/directory.aspx?EID=225
Municipal Staff,"Provo, Utah",,,,,,,https://provo.gov/directory.aspx?EID=226
Municipal Staff,"Provo, Utah",,,,,,,https://provo.gov/directory.aspx?EID=227
Municipal Staff,"Provo, Utah",,,,,,,https://provo.gov/directory.aspx?EID=228
Municipal Staff,"Provo, Utah",,,,,,,https://provo.gov/directory.aspx?EID=229
Municipal Staff,"Provo, Utah",,,,,,,https://provo.gov/directory.aspx?EID=230
Municipal Staff,"Provo, Utah",,,,,,,https://provo.gov/directory.aspx?EID=231
Municipal Staff,"Provo, Utah",,,,,,,https://provo.gov/directory.aspx?EID=232
Municipal Staff,"Provo, Utah",,,,,,,https://provo.gov/directory.aspx?EID=233
Municipal Staff,"Provo, Utah",,,,,,,https://provo.gov/directory.aspx?EID=234
Municipal Staff,"Provo, Utah",,,,,,,https://provo.gov/directory.aspx?EID=235
Municipal Staff,"Provo, Utah",,,,,,,https://provo.gov/directory.aspx?EID=236
Municipal Staff,"Provo, Utah",,,,,,,https://provo.gov/directory.aspx?EID=237
Municipal Staff,"Provo, Utah",,,,,,,https://provo.gov/directory.aspx?EID=238
Municipal Staff,"Provo, Utah",,,,,,,https://provo.gov/directory.aspx?EID=239
Municipal Staff,"Provo, Utah",,,,,,,https://provo.gov/directory.aspx?EID=240
Municipal Staff,"Provo, Utah",,,,,,,https://provo.gov/directory.aspx?EID=241
Municipal Staff,"Provo, Utah",,,,,,,https://provo.gov/directory.aspx?EID=242
Municipal Staff,"Provo, Utah",,,,,,,https://provo.gov/directory.aspx?EID=243
Municipal Staff,"Provo, Utah",,,,,,,https://provo.gov/directory.aspx?EID=244
Municipal Staff,"Provo, Utah",,,,,,,https://provo.gov/directory.aspx?EID=245
Municipal Staff,"Provo, Utah",,,,,,,https://provo.gov/directory.aspx?EID=246
Municipal Staff,"Provo, Utah",,,,,,,https://provo.gov/directory.aspx?EID=247
Municipal Staff,"Provo, Utah",,,,,,,https://provo.gov/directory.aspx?EID=248
Municipal Staff,"Provo, Utah",,,,,,,https://provo.gov/directory.aspx?EID=249
Municipal Staff,"Provo, Utah",,,,,,,https://provo.gov/directory.aspx?EID=250
Municipal Staff,"Provo, Utah",,,,,,,https://provo.gov/directory.aspx?EID=251
Municipal Staff,"Provo, Utah",,,,,,,https://provo.gov/directory.aspx?EID=252
Municipal Staff,"Provo, Utah",,,,,,,https://provo.gov/directory.aspx?EID=253
Municipal Staff,"Provo, Utah",,,,,,,https://provo.gov/directory.aspx?EID=254
Municipal Staff,"Provo, Utah",,,,,,,https://provo.gov/directory.aspx?EID=255
Municipal Staff,"Provo, Utah",,,,,,,https://provo.gov/directory.aspx?EID=256
Municipal Staff,"Provo, Utah",,,,,,,https://provo.gov/directory.aspx?EID=257
Municipal Staff,"Provo, Utah",,,,,,,https://provo.gov/directory.aspx?EID=258
Municipal Staff,"Provo, Utah",,,,,,,https://provo.gov/directory.aspx?EID=259
Municipal Staff,"Provo, Utah",,,,,,,https://provo.gov/directory.aspx?EID=260
Municipal Staff,"Provo, Utah",,,,,,,https://provo.gov/directory.aspx?EID=261
Municipal Staff,"Provo, Utah",,,,,,,https://provo.gov/directory.aspx?EID=262
Municipal Staff,"Provo, Utah",,,,,,,https://provo.gov/directory.aspx?EID=263
Municipal Staff,"Provo, Utah",,,,,,,https://provo.gov/directory.aspx?EID=264
Municipal Staff,"Provo, Utah",,,,,,,https://provo.gov/directory.aspx?EID=265
Municipal Staff,"Provo, Utah",,,,,,,https://provo.gov/directory.aspx?EID=266
Municipal Staff,"Provo, Utah",,,,,,,https://provo.gov/directory.aspx?EID=267
Municipal Staff,"Provo, Utah",,,,,,,https://provo.gov/directory.aspx?EID=268
Municipal Staff,"Provo, Utah",,,,,,,https://provo.gov/directory.aspx?EID=269
Municipal Staff,"Provo, Utah",,,,,,,https://provo.gov/directory.aspx?EID=270
Municipal Staff,"Provo, Utah",,,,,,,https://provo.gov/directory.aspx?EID=271
Municipal Staff,"Provo, Utah",,,,,,,https://provo.gov/directory.aspx?EID=272
Municipal Staff,"Provo, Utah",,,,,,,https://provo.gov/directory.aspx?EID=273
Municipal Staff,"Provo, Utah",,,,,,,https://provo.gov/directory.aspx?EID=274
Municipal Staff,"Provo, Utah",,,,,,,https://provo.gov/directory.aspx?EID=275
Municipal Staff,"Provo, Utah",,,,,,,https://provo.gov/directory.aspx?EID=276
Municipal Staff,"Provo, Utah",,,,,,,https://provo.gov/directory.aspx?EID=277
Municipal Staff,"Provo, Utah",,,,,,,https://provo.gov/directory.aspx?EID=278
Municipal Staff,"Provo, Utah",,,,,,,https://provo.gov/directory.aspx?EID=279
Municipal Staff,"Provo, Utah",,,,,,,https://provo.gov/directory.aspx?EID=280
Municipal Staff,"Provo, Utah",,,,,,,https://provo.gov/directory.aspx?EID=281
Municipal Staff,"Provo, Utah",,,,,,,https://provo.gov/directory.aspx?EID=282
Municipal Staff,"Provo, Utah",,,,,,,https://provo.gov/directory.aspx?EID=283
Municipal Staff,"Provo, Utah",,,,,,,https://provo.gov/directory.aspx?EID=284
Municipal Staff,"Provo, Utah",,,,,,,https://provo.gov/directory.aspx?EID=285
Municipal Staff,"Provo, Utah",,,,,,,https://provo.gov/directory.aspx?EID=286
Municipal Staff,"Provo, Utah",,,,,,,https://provo.gov/directory.aspx?EID=287
Municipal Staff,"Provo, Utah",,,,,,,https://provo.gov/directory.aspx?EID=288
Municipal Staff,"Provo, Utah",,,,,,,https://provo.gov/directory.aspx?EID=289
Municipal Staff,"Provo, Utah",,,,,,,https://provo.gov/directory.aspx?EID=290
Municipal Staff,"Provo, Utah",,,,,,,https://provo.gov/directory.aspx?EID=291
Municipal Staff,"Provo, Utah",,,,,,,https://provo.gov/directory.aspx?EID=292
Municipal Staff,"Provo, Utah",,,,,,,https://provo.gov/directory.aspx?EID=293
Municipal Staff,"Provo, Utah",,,,,,,https://provo.gov/directory.aspx?EID=294
Municipal Staff,"Provo, Utah",,,,,,,https://provo.gov/directory.aspx?EID=295
Municipal Staff,"Provo, Utah",,,,,,,https://provo.gov/directory.aspx?EID=296
Municipal Staff,"Provo, Utah",,,,,,,https://provo.gov/directory.aspx?EID=297
Municipal Staff,"Provo, Utah",,,,,,,https://provo.gov/directory.aspx?EID=298
Municipal Staff,"Provo, Utah",,,,,,,https://provo.gov/directory.aspx?EID=299
Municipal Staff,"Provo, Utah",,,,,,,https://provo.gov/directory.aspx?EID=300
Municipal Staff,"Provo, Utah",,,,,,,https://provo.gov/directory.aspx?EID=301
Municipal Staff,"Provo, Utah",,,,,,,https://provo.gov/directory.aspx?EID=302
Municipal Staff,"Provo, Utah",,,,,,,https://provo.gov/directory.aspx?EID=303
Municipal Staff,"Provo, Utah",,,,,,,https://provo.gov/directory.aspx?EID=304
Municipal Staff,"Provo, Utah",,,,,,,https://provo.gov/directory.aspx?EID=305
Municipal Staff,"Provo, Utah",,,,,,,https://provo.gov/directory.aspx?EID=306
Municipal Staff,"Provo, Utah",,,,,,,https://provo.gov/directory.aspx?EID=307
Municipal Staff,"Provo, Utah",,,,,,,https://provo.gov/directory.aspx?EID=308
Municipal Staff,"Provo, Utah",,,,,,,https://provo.gov/directory.aspx?EID=309
Municipal Staff,"Provo, Utah",,,,,,,https://provo.gov/directory.aspx?EID=310
Municipal Staff,"Provo, Utah",,,,,,,https://provo.gov/directory.aspx?EID=311
Municipal Staff,"Provo, Utah",,,,,,,https://provo.gov/directory.aspx?EID=312
Municipal Staff,"Provo, Utah",,,,,,,https://provo.gov/directory.aspx?EID=313
Municipal Staff,"Provo, Utah",,,,,,,https://provo.gov/directory.aspx?EID=314
Municipal Staff,"Provo, Utah",,,,,,,https://provo.gov/directory.aspx?EID=315
Municipal Staff,"Provo, Utah",,,,,,,https://provo.gov/directory.aspx?EID=316
Municipal Staff,"Provo, Utah",,,,,,,https://provo.gov/directory.aspx?EID=317
Municipal Staff,"Provo, Utah",,,,,,,https://provo.gov/directory.aspx?EID=318
Municipal Staff,"Provo, Utah",,,,,,,https://provo.gov/directory.aspx?EID=319
Municipal Staff,"Provo, Utah",,,,,,,https://provo.gov/directory.aspx?EID=320
Municipal Staff,"Provo, Utah",,,,,,,https://provo.gov/directory.aspx?EID=321
Municipal Staff,"Provo, Utah",,,,,,,https://provo.gov/directory.aspx?EID=322
Municipal Staff,"Provo, Utah",,,,,,,https://provo.gov/directory.aspx?EID=323
Municipal Staff,"Provo, Utah",,,,,,,https://provo.gov/directory.aspx?EID=324
Municipal Staff,"Provo, Utah",,,,,,,https://provo.gov/directory.aspx?EID=325
Municipal Staff,"Provo, Utah",,,,,,,https://provo.gov/directory.aspx?EID=326
Municipal Staff,"Provo, Utah",,,,,,,https://provo.gov/directory.aspx?EID=327
Municipal Staff,"Provo, Utah",,,,,,,https://provo.gov/directory.aspx?EID=328
Municipal Staff,"Provo, Utah",,,,,,,https://provo.gov/directory.aspx?EID=329
Municipal Staff,"Provo, Utah",,,,,,,https://provo.gov/directory.aspx?EID=330
Municipal Staff,"Provo, Utah",,,,,,,https://provo.gov/directory.aspx?EID=331
Municipal Staff,"Provo, Utah",,,,,,,https://provo.gov/directory.aspx?EID=332
Municipal Staff,"Provo, Utah",,,,,,,https://provo.gov/directory.aspx?EID=333
Municipal Staff,"Provo, Utah",,,,,,,https://provo.gov/directory.aspx?EID=334
Municipal Staff,"Provo, Utah",,,,,,,https://provo.gov/directory.aspx?EID=335
Municipal Staff,"Provo, Utah",,,,,,,https://provo.gov/directory.aspx?EID=336
Municipal Staff,"Provo, Utah",,,,,,,https://provo.gov/directory.aspx?EID=337
Municipal Staff,"Provo, Utah",,,,,,,https://provo.gov/directory.aspx?EID=338
Municipal Staff,"Provo, Utah",,,,,,,https://provo.gov/directory.aspx?EID=339
Municipal Staff,"Provo, Utah",,,,,,,https://provo.gov/directory.aspx?EID=340
Municipal Staff,"Provo, Utah",,,,,,,https://provo.gov/directory.aspx?EID=341
Municipal Staff,"Provo, Utah",,,,,,,https://provo.gov/directory.aspx?EID=342
Municipal Staff,"Provo, Utah",,,,,,,https://provo.gov/directory.aspx?EID=343
Municipal Staff,"Provo, Utah",,,,,,,https://provo.gov/directory.aspx?EID=344
Municipal Staff,"Provo, Utah",,,,,,,https://provo.gov/directory.aspx?EID=345
Municipal Staff,"Provo, Utah",,,,,,,https://provo.gov/directory.aspx?EID=346
Municipal Staff,"Provo, Utah",,,,,,,https://provo.gov/directory.aspx?EID=347
Municipal Staff,"Provo, Utah",,,,,,,https://provo.gov/directory.aspx?EID=348
Municipal Staff,"Provo, Utah",,,,,,,https://provo.gov/directory.aspx?EID=349
Municipal Staff,"Provo, Utah",,,,,,,https://provo.gov/directory.aspx?EID=350
Municipal Staff,"Provo, Utah",,,,,,,https://provo.gov/directory.aspx?EID=351
Municipal Staff,"Provo, Utah",,,,,,,https://provo.gov/directory.aspx?EID=352
Municipal Staff,"Provo, Utah",,,,,,,https://provo.gov/directory.aspx?EID=353
Municipal Staff,"Provo, Utah",,,,,,,https://provo.gov/directory.aspx?EID=354
Municipal Staff,"Provo, Utah",,,,,,,https://provo.gov/directory.aspx?EID=355
Municipal Staff,"Provo, Utah",,,,,,,https://provo.gov/directory.aspx?EID=356
Municipal Staff,"Provo, Utah",,,,,,,https://provo.gov/directory.aspx?EID=357
Municipal Staff,"Provo, Utah",,,,,,,https://provo.gov/directory.aspx?EID=358
Municipal Staff,"Provo, Utah",,,,,,,https://provo.gov/directory.aspx?EID=359
Municipal Staff,"Provo, Utah",,,,,,,https://provo.gov/directory.aspx?EID=360
Municipal Staff,"Provo, Utah",,,,,,,https://provo.gov/directory.aspx?EID=361
Municipal Staff,"Provo, Utah",,,,,,,https://provo.gov/directory.aspx?EID=362
Municipal Staff,"Provo, Utah",,,,,,,https://provo.gov/directory.aspx?EID=363
Municipal Staff,"Provo, Utah",,,,,,,https://provo.gov/directory.aspx?EID=364
Municipal Staff,"Provo, Utah",,,,,,,https://provo.gov/directory.aspx?EID=365
Municipal Staff,"Provo, Utah",,,,,,,https://provo.gov/directory.aspx?EID=366
Municipal Staff,"Provo, Utah",,,,,,,https://provo.gov/directory.aspx?EID=367
Municipal Staff,"Provo, Utah",,,,,,,https://provo.gov/directory.aspx?EID=368
Municipal Staff,"Provo, Utah",,,,,,,https://provo.gov/directory.aspx?EID=369
Municipal Staff,"Provo, Utah",,,,,,,https://provo.gov/directory.aspx?EID=370
Municipal Staff,"Provo, Utah",,,,,,,https://provo.gov/directory.aspx?EID=371
Municipal Staff,"Provo, Utah",,,,,,,https://provo.gov/directory.aspx?EID=372
Municipal Staff,"Provo, Utah",,,,,,,https://provo.gov/directory.aspx?EID=373
Municipal Staff,"Provo, Utah",,,,,,,https://provo.gov/directory.aspx?EID=374
Municipal Staff,"Provo, Utah",,,,,,,https://provo.gov/directory.aspx?EID=375
Municipal Staff,"Provo, Utah",,,,,,,https://provo.gov/directory.aspx?EID=376
Municipal Staff,"Provo, Utah",,,,,,,https://provo.gov/directory.aspx?EID=377
Municipal Staff,"Provo, Utah",,,,,,,https://provo.gov/directory.aspx?EID=378
Municipal Staff,"Provo, Utah",,,,,,,https://provo.gov/directory.aspx?EID=379
Municipal Staff,"Provo, Utah",,,,,,,https://provo.gov/directory.aspx?EID=380
Municipal Staff,"Provo, Utah",,,,,,,https://provo.gov/directory.aspx?EID=381
Municipal Staff,"Provo, Utah",,,,,,,https://provo.gov/directory.aspx?EID=382
Municipal Staff,"Provo, Utah",,,,,,,https://provo.gov/directory.aspx?EID=383
Municipal Staff,"Provo, Utah",,,,,,,https://provo.gov/directory.aspx?EID=384
Municipal Staff,"Provo, Utah",,,,,,,https://provo.gov/directory.aspx?EID=385
Municipal Staff,"Provo, Utah",,,,,,,https://provo.gov/directory.aspx?EID=386
Municipal Staff,"Provo, Utah",,,,,,,https://provo.gov/directory.aspx?EID=387
Municipal Staff,"Provo, Utah",,,,,,,https://provo.gov/directory.aspx?EID=388
Municipal Staff,"Provo, Utah",,,,,,,https://provo.gov/directory.aspx?EID=389
Municipal Staff,"Provo, Utah",,,,,,,https://provo.gov/directory.aspx?EID=390
Municipal Staff,"Provo, Utah",,,,,,,https://provo.gov/directory.aspx?EID=391
Municipal Staff,"Provo, Utah",,,,,,,https://provo.gov/directory.aspx?EID=392
Municipal Staff,"Provo, Utah",,,,,,,https://provo.gov/directory.aspx?EID=393
Municipal Staff,"Provo, Utah",,,,,,,https://provo.gov/directory.aspx?EID=394
Municipal Staff,"Provo, Utah",,,,,,,https://provo.gov/directory.aspx?EID=395
Municipal Staff,"Provo, Utah",,,,,,,https://provo.gov/directory.aspx?EID=396
Municipal Staff,"Provo, Utah",,,,,,,https://provo.gov/directory.aspx?EID=397
Municipal Staff,"Provo, Utah",,,,,,,https://provo.gov/directory.aspx?EID=398
Municipal Staff,"Provo, Utah",,,,,,,https://provo.gov/directory.aspx?EID=399
Municipal Staff,"Provo, Utah",,,,,,,https://provo.gov/directory.aspx?EID=400
Municipal Staff,"Provo, Utah",,,,,,,https://provo.gov/directory.aspx?EID=401
Municipal Staff,"Provo, Utah",,,,,,,https://provo.gov/directory.aspx?EID=402
Municipal Staff,"Provo, Utah",,,,,,,https://provo.gov/directory.aspx?EID=403
Municipal Staff,"Provo, Utah",,,,,,,https://provo.gov/directory.aspx?EID=404
Municipal Staff,"Provo, Utah",,,,,,,https://provo.gov/directory.aspx?EID=405
Municipal Staff,"Provo, Utah",,,,,,,https://provo.gov/directory.aspx?EID=406
Municipal Staff,"Provo, Utah",,,,,,,https://provo.gov/directory.aspx?EID=407
Municipal Staff,"Provo, Utah",,,,,,,https://provo.gov/directory.aspx?EID=408
Municipal Staff,"Provo, Utah",,,,,,,https://provo.gov/directory.aspx?EID=409
Municipal Staff,"Provo, Utah",,,,,,,https://provo.gov/directory.aspx?EID=410
Municipal Staff,"Provo, Utah",,,,,,,https://provo.gov/directory.aspx?EID=411
Municipal Staff,"Provo, Utah",,,,,,,https://provo.gov/directory.aspx?EID=412
Municipal Staff,"Provo, Utah",,,,,,,https://provo.gov/directory.aspx?EID=413
Municipal Staff,"Provo, Utah",,,,,,,https://provo.gov/directory.aspx?EID=414
Municipal Staff,"Provo, Utah",,,,,,,https://provo.gov/directory.aspx?EID=415
Municipal Staff,"Provo, Utah",,,,,,,https://provo.gov/directory.aspx?EID=416
Municipal Staff,"Provo, Utah",,,,,,,https://provo.gov/directory.aspx?EID=417
Municipal Staff,"Provo, Utah",,,,,,,https://provo.gov/directory.aspx?EID=418
Municipal Staff,"Provo, Utah",,,,,,,https://provo.gov/directory.aspx?EID=419
Municipal Staff,"Provo, Utah",,,,,,,https://provo.gov/directory.aspx?EID=420
Municipal Staff,"Provo, Utah",,,,,,,https://provo.gov/directory.aspx?EID=421
Municipal Staff,"Provo, Utah",,,,,,,https://provo.gov/directory.aspx?EID=422
Municipal Staff,"Provo, Utah",,,,,,,https://provo.gov/directory.aspx?EID=423
Municipal Staff,"Provo, Utah",,,,,,,https://provo.gov/directory.aspx?EID=424
Municipal Staff,"Provo, Utah",,,,,,,https://provo.gov/directory.aspx?EID=425
Municipal Staff,"Provo, Utah",,,,,,,https://provo.gov/directory.aspx?EID=426
Municipal Staff,"Provo, Utah",,,,,,,https://provo.gov/directory.aspx?EID=427
Municipal Staff,"Provo, Utah",,,,,,,https://provo.gov/directory.aspx?EID=428
Municipal Staff,"Provo, Utah",,,,,,,https://provo.gov/directory.aspx?EID=429
Municipal Staff,"Provo, Utah",,,,,,,https://provo.gov/directory.aspx?EID=430
Municipal Staff,"Provo, Utah",,,,,,,https://provo.gov/directory.aspx?EID=431
Municipal Staff,"Provo, Utah",,,,,,,https://provo.gov/directory.aspx?EID=432
Municipal Staff,"Provo, Utah",,,,,,,https://provo.gov/directory.aspx?EID=433
Municipal Staff,"Provo, Utah",,,,,,,https://provo.gov/directory.aspx?EID=434
Municipal Staff,"Provo, Utah",,,,,,,https://provo.gov/directory.aspx?EID=435
Municipal Staff,"Provo, Utah",,,,,,,https://provo.gov/directory.aspx?EID=436
Municipal Staff,"Provo, Utah",,,,,,,https://provo.gov/directory.aspx?EID=437
Municipal Staff,"Provo, Utah",,,,,,,https://provo.gov/directory.aspx?EID=438
Municipal Staff,"Provo, Utah",,,,,,,https://provo.gov/directory.aspx?EID=439
Municipal Staff,"Provo, Utah",,,,,,,https://provo.gov/directory.aspx?EID=440
Municipal Staff,"Provo, Utah",,,,,,,https://provo.gov/directory.aspx?EID=441
Municipal Staff,"Provo, Utah",,,,,,,https://provo.gov/directory.aspx?EID=442
Municipal Staff,"Provo, Utah",,,,,,,https://provo.gov/directory.aspx?EID=443
Municipal Staff,"Provo, Utah",,,,,,,https://provo.gov/directory.aspx?EID=444
Municipal Staff,"Provo, Utah",,,,,,,https://provo.gov/directory.aspx?EID=445
Municipal Staff,"Provo, Utah",,,,,,,https://provo.gov/directory.aspx?EID=446
Municipal Staff,"Provo, Utah",,,,,,,https://provo.gov/directory.aspx?EID=447
Municipal Staff,"Provo, Utah",,,,,,,https://provo.gov/directory.aspx?EID=448
Municipal Staff,"Provo, Utah",,,,,,,https://provo.gov/directory.aspx?EID=449
Municipal Staff,"Provo, Utah",,,,,,,https://provo.gov/directory.aspx?EID=450
Municipal Staff,"Provo, Utah",,,,,,,https://provo.gov/directory.aspx?EID=451
Municipal Staff,"Provo, Utah",,,,,,,https://provo.gov/directory.aspx?EID=452
Municipal Staff,"Provo, Utah",,,,,,,https://provo.gov/directory.aspx?EID=453
Municipal Staff,"Provo, Utah",,,,,,,https://provo.gov/directory.aspx?EID=454
Municipal Staff,"Provo, Utah",,,,,,,https://provo.gov/directory.aspx?EID=455
Municipal Staff,"Provo, Utah",,,,,,,https://provo.gov/directory.aspx?EID=456
Municipal Staff,"Provo, Utah",,,,,,,https://provo.gov/directory.aspx?EID=457
Municipal Staff,"Provo, Utah",,,,,,,https://provo.gov/directory.aspx?EID=458
Municipal Staff,"Provo, Utah",,,,,,,https://provo.gov/directory.aspx?EID=459
Municipal Staff,"Provo, Utah",,,,,,,https://provo.gov/directory.aspx?EID=460
Municipal Staff,"Provo, Utah",,,,,,,https://provo.gov/directory.aspx?EID=461
Municipal Staff,"Provo, Utah",,,,,,,https://provo.gov/directory.aspx?EID=462
Municipal Staff,"Provo, Utah",,,,,,,https://provo.gov/directory.aspx?EID=463
Municipal Staff,"Provo, Utah",,,,,,,https://provo.gov/directory.aspx?EID=464
Municipal Staff,"Provo, Utah",,,,,,,https://provo.gov/directory.aspx?EID=465
Municipal Staff,"Provo, Utah",,,,,,,https://provo.gov/directory.aspx?EID=466
Municipal Staff,"Provo, Utah",,,,,,,https://provo.gov/directory.aspx?EID=467
Municipal Staff,"Provo, Utah",,,,,,,https://provo.gov/directory.aspx?EID=468
Municipal Staff,"Provo, Utah",,,,,,,https://provo.gov/directory.aspx?EID=469
Municipal Staff,"Provo, Utah",,,,,,,https://provo.gov/directory.aspx?EID=470
Municipal Staff,"Provo, Utah",,,,,,,https://provo.gov/directory.aspx?EID=471
Municipal Staff,"Provo, Utah",,,,,,,https://provo.gov/directory.aspx?EID=472
Municipal Staff,"Provo, Utah",,,,,,,https://provo.gov/directory.aspx?EID=473
Municipal Staff,"Provo, Utah",,,,,,,https://provo.gov/directory.aspx?EID=474
Municipal Staff,"Provo, Utah",,,,,,,https://provo.gov/directory.aspx?EID=475
Municipal Staff,"Provo, Utah",,,,,,,https://provo.gov/directory.aspx?EID=476
Municipal Staff,"Provo, Utah",,,,,,,https://provo.gov/directory.aspx?EID=477
Municipal Staff,"Provo, Utah",,,,,,,https://provo.gov/directory.aspx?EID=478
Municipal Staff,"Provo, Utah",,,,,,,https://provo.gov/directory.aspx?EID=479
Municipal Staff,"Provo, Utah",,,,,,,https://provo.gov/directory.aspx?EID=480
Municipal Staff,"Provo, Utah",,,,,,,https://provo.gov/directory.aspx?EID=481
Municipal Staff,"Provo, Utah",,,,,,,https://provo.gov/directory.aspx?EID=482
Municipal Staff,"Provo, Utah",,,,,,,https://provo.gov/directory.aspx?EID=483
Municipal Staff,"Provo, Utah",,,,,,,https://provo.gov/directory.aspx?EID=484
Municipal Staff,"Provo, Utah",,,,,,,https://provo.gov/directory.aspx?EID=485
Municipal Staff,"Provo, Utah",,,,,,,https://provo.gov/directory.aspx?EID=486
Municipal Staff,"Provo, Utah",,,,,,,https://provo.gov/directory.aspx?EID=487
Municipal Staff,"Provo, Utah",,,,,,,https://provo.gov/directory.aspx?EID=488
Municipal Staff,"Provo, Utah",,,,,,,https://provo.gov/directory.aspx?EID=489
Municipal Staff,"Provo, Utah",,,,,,,https://provo.gov/directory.aspx?EID=490
Municipal Staff,"Provo, Utah",,,,,,,https://provo.gov/directory.aspx?EID=491
Municipal Staff,"Provo, Utah",,,,,,,https://provo.gov/directory.aspx?EID=492
Municipal Staff,"Provo, Utah",,,,,,,https://provo.gov/directory.aspx?EID=493
Municipal Staff,"Provo, Utah",,,,,,,https://provo.gov/directory.aspx?EID=494
Municipal Staff,"Provo, Utah",,,,,,,https://provo.gov/directory.aspx?EID=495
Municipal Staff,"Provo, Utah",,,,,,,https://provo.gov/directory.aspx?EID=496
Municipal Staff,"Provo, Utah",,,,,,,https://provo.gov/directory.aspx?EID=497
Municipal Staff,"Provo, Utah",,,,,,,https://provo.gov/directory.aspx?EID=498
Municipal Staff,"Provo, Utah",,,,,,,https://provo.gov/directory.aspx?EID=499
Municipal Staff,"Provo, Utah",,,,,,,https://provo.gov/directory.aspx?EID=500
Municipal Staff,"Provo, Utah",,,,,,,https://provo.gov/directory.aspx?EID=501
Municipal Staff,"Provo, Utah",,,,,,,https://provo.gov/directory.aspx?EID=502
Municipal Staff,"Provo, Utah",,,,,,,https://provo.gov/directory.aspx?EID=503
Municipal Staff,"Provo, Utah",,,,,,,https://provo.gov/directory.aspx?EID=504
Municipal Staff,"Provo, Utah",,,,,,,https://provo.gov/directory.aspx?EID=505
Municipal Staff,"Provo, Utah",,,,,,,https://provo.gov/directory.aspx?EID=506
Municipal Staff,"Provo, Utah",,,,,,,https://provo.gov/directory.aspx?EID=507
Municipal Staff,"Provo, Utah",,,,,,,https://provo.gov/directory.aspx?EID=508
Municipal Staff,"Provo, Utah",,,,,,,https://provo.gov/directory.aspx?EID=509
Municipal Staff,"Provo, Utah",,,,,,,https://provo.gov/directory.aspx?EID=510
Municipal Staff,"Provo, Utah",,,,,,,https://provo.gov/directory.aspx?EID=511
Municipal Staff,"Provo, Utah",,,,,,,https://provo.gov/directory.aspx?EID=512
Municipal Staff,"Provo, Utah",,,,,,,https://provo.gov/directory.aspx?EID=513
Municipal Staff,"Provo, Utah",,,,,,,https://provo.gov/directory.aspx?EID=514
Municipal Staff,"Provo, Utah",,,,,,,https://provo.gov/directory.aspx?EID=515
Municipal Staff,"Provo, Utah",,,,,,,https://provo.gov/directory.aspx?EID=516
Municipal Staff,"Provo, Utah",,,,,,,https://provo.gov/directory.aspx?EID=517
Municipal Staff,"Provo, Utah",,,,,,,https://provo.gov/directory.aspx?EID=518
Municipal Staff,"Provo, Utah",,,,,,,https://provo.gov/directory.aspx?EID=519
Municipal Staff,"Provo, Utah",,,,,,,https://provo.gov/directory.aspx?EID=520
Municipal Staff,"Provo, Utah",,,,,,,https://provo.gov/directory.aspx?EID=521
Municipal Staff,"Provo, Utah",,,,,,,https://provo.gov/directory.aspx?EID=522
Municipal Staff,"Provo, Utah",,,,,,,https://provo.gov/directory.aspx?EID=523
Municipal Staff,"Provo, Utah",,,,,,,https://provo.gov/directory.aspx?EID=524
Municipal Staff,"Provo, Utah",,,,,,,https://provo.gov/directory.aspx?EID=525
Municipal Staff,"Provo, Utah",,,,,,,https://provo.gov/directory.aspx?EID=526
Municipal Staff,"Provo, Utah",,,,,,,https://provo.gov/directory.aspx?EID=527
Municipal Staff,"Provo, Utah",,,,,,,https://provo.gov/directory.aspx?EID=528
Municipal Staff,"Provo, Utah",,,,,,,https://provo.gov/directory.aspx?EID=529
Municipal Staff,"Provo, Utah",,,,,,,https://provo.gov/directory.aspx?EID=530
Municipal Staff,"Provo, Utah",,,,,,,https://provo.gov/directory.aspx?EID=531
Municipal Staff,"Provo, Utah",,,,,,,https://provo.gov/directory.aspx?EID=532
Municipal Staff,"Provo, Utah",,,,,,,https://provo.gov/directory.aspx?EID=533
Municipal Staff,"Provo, Utah",,,,,,,https://provo.gov/directory.aspx?EID=534
Municipal Staff,"Provo, Utah",,,,,,,https://provo.gov/directory.aspx?EID=535
Municipal Staff,"Provo, Utah",,,,,,,https://provo.gov/directory.aspx?EID=536
Municipal Staff,"Provo, Utah",,,,,,,https://provo.gov/directory.aspx?EID=537
Municipal Staff,"Provo, Utah",,,,,,,https://provo.gov/directory.aspx?EID=538
Municipal Staff,"Provo, Utah",,,,,,,https://provo.gov/directory.aspx?EID=539
Municipal Staff,"Provo, Utah",,,,,,,https://provo.gov/directory.aspx?EID=540
Municipal Staff,"Provo, Utah",,,,,,,https://provo.gov/directory.aspx?EID=541
Municipal Staff,"Provo, Utah",,,,,,,https://provo.gov/directory.aspx?EID=542
Municipal Staff,"Provo, Utah",,,,,,,https://provo.gov/directory.aspx?EID=543
Municipal Staff,"Provo, Utah",,,,,,,https://provo.gov/directory.aspx?EID=544
Municipal Staff,"Provo, Utah",,,,,,,https://provo.gov/directory.aspx?EID=545
Municipal Staff,"Provo, Utah",,,,,,,https://provo.gov/directory.aspx?EID=546
Municipal Staff,"Provo, Utah",,,,,,,https://provo.gov/directory.aspx?EID=547
Municipal Staff,"Provo, Utah",,,,,,,https://provo.gov/directory.aspx?EID=548
Municipal Staff,"Provo, Utah",,,,,,,https://provo.gov/directory.aspx?EID=549
Municipal Staff,"Provo, Utah",,,,,,,https://provo.gov/directory.aspx?EID=550
Municipal Staff,"Provo, Utah",,,,,,,https://provo.gov/directory.aspx?EID=551
Municipal Staff,"Provo, Utah",,,,,,,https://provo.gov/directory.aspx?EID=552
Municipal Staff,"Provo, Utah",,,,,,,https://provo.gov/directory.aspx?EID=553
Municipal Staff,"Provo, Utah",,,,,,,https://provo.gov/directory.aspx?EID=554
Municipal Staff,"Provo, Utah",,,,,,,https://provo.gov/directory.aspx?EID=555
Municipal Staff,"Provo, Utah",,,,,,,https://provo.gov/directory.aspx?EID=556
Municipal Staff,"Provo, Utah",,,,,,,https://provo.gov/directory.aspx?EID=557
Municipal Staff,"Provo, Utah",,,,,,,https://provo.gov/directory.aspx?EID=558
Municipal Staff,"Provo, Utah",,,,,,,https://provo.gov/directory.aspx?EID=559
Municipal Staff,"Provo, Utah",,,,,,,https://provo.gov/directory.aspx?EID=560
Municipal Staff,"Provo, Utah",,,,,,,https://provo.gov/directory.aspx?EID=561
Municipal Staff,"Provo, Utah",,,,,,,https://provo.gov/directory.aspx?EID=562
Municipal Staff,"Provo, Utah",,,,,,,https://provo.gov/directory.aspx?EID=563
Municipal Staff,"Provo, Utah",,,,,,,https://provo.gov/directory.aspx?EID=564
Municipal Staff,"Provo, Utah",,,,,,,https://provo.gov/directory.aspx?EID=565
Municipal Staff,"Provo, Utah",,,,,,,https://provo.gov/directory.aspx?EID=566
Municipal Staff,"Provo, Utah",,,,,,,https://provo.gov/directory.aspx?EID=567
Municipal Staff,"Provo, Utah",,,,,,,https://provo.gov/directory.aspx?EID=568
Municipal Staff,"Provo, Utah",,,,,,,https://provo.gov/directory.aspx?EID=569
Municipal Staff,"Provo, Utah",,,,,,,https://provo.gov/directory.aspx?EID=570
Municipal Staff,"Provo, Utah",,,,,,,https://provo.gov/directory.aspx?EID=571
Municipal Staff,"Provo, Utah",,,,,,,https://provo.gov/directory.aspx?EID=572
Municipal Staff,"Provo, Utah",,,,,,,https://provo.gov/directory.aspx?EID=573
Municipal Staff,"Provo, Utah",,,,,,,https://provo.gov/directory.aspx?EID=574
Municipal Staff,"Provo, Utah",,,,,,,https://provo.gov/directory.aspx?EID=575
Municipal Staff,"Provo, Utah",,,,,,,https://provo.gov/directory.aspx?EID=576
Municipal Staff,"Provo, Utah",,,,,,,https://provo.gov/directory.aspx?EID=577
Municipal Staff,"Provo, Utah",,,,,,,https://provo.gov/directory.aspx?EID=578
Municipal Staff,"Provo, Utah",,,,,,,https://provo.gov/directory.aspx?EID=579
Municipal Staff,"Provo, Utah",,,,,,,https://provo.gov/directory.aspx?EID=580
Municipal Staff,"Provo, Utah",,,,,,,https://provo.gov/directory.aspx?EID=581
Municipal Staff,"Provo, Utah",,,,,,,https://provo.gov/directory.aspx?EID=582
Municipal Staff,"Provo, Utah",,,,,,,https://provo.gov/directory.aspx?EID=583
Municipal Staff,"Provo, Utah",,,,,,,https://provo.gov/directory.aspx?EID=584
Municipal Staff,"Provo, Utah",,,,,,,https://provo.gov/directory.aspx?EID=585
Municipal Staff,"Provo, Utah",,,,,,,https://provo.gov/directory.aspx?EID=586
Municipal Staff,"Provo, Utah",,,,,,,https://provo.gov/directory.aspx?EID=587
Municipal Staff,"Provo, Utah",,,,,,,https://provo.gov/directory.aspx?EID=588
Municipal Staff,"Provo, Utah",,,,,,,https://provo.gov/directory.aspx?EID=589
Municipal Staff,"Provo, Utah",,,,,,,https://provo.gov/directory.aspx?EID=590
Municipal Staff,"Provo, Utah",,,,,,,https://provo.gov/directory.aspx?EID=591
Municipal Staff,"Provo, Utah",,,,,,,https://provo.gov/directory.aspx?EID=592
Municipal Staff,"Provo, Utah",,,,,,,https://provo.gov/directory.aspx?EID=593
Municipal Staff,"Provo, Utah",,,,,,,https://provo.gov/directory.aspx?EID=594
Municipal Staff,"Provo, Utah",,,,,,,https://provo.gov/directory.aspx?EID=595
Municipal Staff,"Provo, Utah",,,,,,,https://provo.gov/directory.aspx?EID=596
Municipal Staff,"Provo, Utah",,,,,,,https://provo.gov/directory.aspx?EID=597
Municipal Staff,"Provo, Utah",,,,,,,https://provo.gov/directory.aspx?EID=598
Municipal Staff,"Provo, Utah",,,,,,,https://provo.gov/directory.aspx?EID=599
Municipal Staff,"Provo, Utah",,,,,,,https://provo.gov/directory.aspx?EID=600
Municipal Staff,"Provo, Utah",,,,,,,https://provo.gov/directory.aspx?EID=601
Municipal Staff,"Provo, Utah",,,,,,,https://provo.gov/directory.aspx?EID=602
Municipal Staff,"Provo, Utah",,,,,,,https://provo.gov/directory.aspx?EID=603
Municipal Staff,"Provo, Utah",,,,,,,https://provo.gov/directory.aspx?EID=604
Municipal Staff,"Provo, Utah",,,,,,,https://provo.gov/directory.aspx?EID=605
Municipal Staff,"Provo, Utah",,,,,,,https://provo.gov/directory.aspx?EID=606
Municipal Staff,"Provo, Utah",,,,,,,https://provo.gov/directory.aspx?EID=607
Municipal Staff,"Provo, Utah",,,,,,,https://provo.gov/directory.aspx?EID=608
Municipal Staff,"Provo, Utah",,,,,,,https://provo.gov/directory.aspx?EID=609
Municipal Staff,"Provo, Utah",,,,,,,https://provo.gov/directory.aspx?EID=610
Municipal Staff,"Provo, Utah",,,,,,,https://provo.gov/directory.aspx?EID=611
Municipal Staff,"Provo, Utah",,,,,,,https://provo.gov/directory.aspx?EID=612
Municipal Staff,"Provo, Utah",,,,,,,https://provo.gov/directory.aspx?EID=613
Municipal Staff,"Provo, Utah",,,,,,,https://provo.gov/directory.aspx?EID=614
Municipal Staff,"Provo, Utah",,,,,,,https://provo.gov/directory.aspx?EID=615
Municipal Staff,"Provo, Utah",,,,,,,https://provo.gov/directory.aspx?EID=616
Municipal Staff,"Provo, Utah",,,,,,,https://provo.gov/directory.aspx?EID=617
Municipal Staff,"Provo, Utah",,,,,,,https://provo.gov/directory.aspx?EID=618
Municipal Staff,"Provo, Utah",,,,,,,https://provo.gov/directory.aspx?EID=619
Municipal Staff,"Provo, Utah",,,,,,,https://provo.gov/directory.aspx?EID=620
Municipal Staff,"Provo, Utah",,,,,,,https://provo.gov/directory.aspx?EID=621
Municipal Staff,"Provo, Utah",,,,,,,https://provo.gov/directory.aspx?EID=622
Municipal Staff,"Provo, Utah",,,,,,,https://provo.gov/directory.aspx?EID=623
Municipal Staff,"Provo, Utah",,,,,,,https://provo.gov/directory.aspx?EID=624
Municipal Staff,"Provo, Utah",,,,,,,https://provo.gov/directory.aspx?EID=625
Municipal Staff,"Provo, Utah",,,,,,,https://provo.gov/directory.aspx?EID=626
Municipal Staff,"Provo, Utah",,,,,,,https://provo.gov/directory.aspx?EID=627
Municipal Staff,"Provo, Utah",,,,,,,https://provo.gov/directory.aspx?EID=628
Municipal Staff,"Provo, Utah",,,,,,,https://provo.gov/directory.aspx?EID=629
Municipal Staff,"Provo, Utah",,,,,,,https://provo.gov/directory.aspx?EID=630
Municipal Staff,"Provo, Utah",,,,,,,https://provo.gov/directory.aspx?EID=631
Municipal Staff,"Provo, Utah",,,,,,,https://provo.gov/directory.aspx?EID=632
Municipal Staff,"Provo, Utah",,,,,,,https://provo.gov/directory.aspx?EID=633
Municipal Staff,"Provo, Utah",,,,,,,https://provo.gov/directory.aspx?EID=634
Municipal Staff,"Provo, Utah",,,,,,,https://provo.gov/directory.aspx?EID=635
Municipal Staff,"Provo, Utah",,,,,,,https://provo.gov/directory.aspx?EID=636
Municipal Staff,"Provo, Utah",,,,,,,https://provo.gov/directory.aspx?EID=637
Municipal Staff,"Provo, Utah",,,,,,,https://provo.gov/directory.aspx?EID=638
Municipal Staff,"Provo, Utah",,,,,,,https://provo.gov/directory.aspx?EID=639
Municipal Staff,"Provo, Utah",,,,,,,https://provo.gov/directory.aspx?EID=640
Municipal Staff,"Provo, Utah",,,,,,,https://provo.gov/directory.aspx?EID=641
Municipal Staff,"Provo, Utah",,,,,,,https://provo.gov/directory.aspx?EID=642
Municipal Staff,"Provo, Utah",,,,,,,https://provo.gov/directory.aspx?EID=643
Municipal Staff,"Provo, Utah",,,,,,,https://provo.gov/directory.aspx?EID=644
Municipal Staff,"Provo, Utah",,,,,,,https://provo.gov/directory.aspx?EID=645
Municipal Staff,"Provo, Utah",,,,,,,https://provo.gov/directory.aspx?EID=646
Municipal Staff,"Provo, Utah",,,,,,,https://provo.gov/directory.aspx?EID=647
Municipal Staff,"Provo, Utah",,,,,,,https://provo.gov/directory.aspx?EID=648
Municipal Staff,"Provo, Utah",,,,,,,https://provo.gov/directory.aspx?EID=649
Municipal Staff,"Provo, Utah",,,,,,,https://provo.gov/directory.aspx?EID=650
Municipal Staff,"Provo, Utah",,,,,,,https://provo.gov/directory.aspx?EID=651
Municipal Staff,"Provo, Utah",,,,,,,https://provo.gov/directory.aspx?EID=652
Municipal Staff,"Provo, Utah",,,,,,,https://provo.gov/directory.aspx?EID=653
Municipal Staff,"Provo, Utah",,,,,,,https://provo.gov/directory.aspx?EID=654
Municipal Staff,"Provo, Utah",,,,,,,https://provo.gov/directory.aspx?EID=655
Municipal Staff,"Provo, Utah",,,,,,,https://provo.gov/directory.aspx?EID=656
Municipal Staff,"Provo, Utah",,,,,,,https://provo.gov/directory.aspx?EID=657
Municipal Staff,"Provo, Utah",,,,,,,https://provo.gov/directory.aspx?EID=658
Municipal Staff,"Provo, Utah",,,,,,,https://provo.gov/directory.aspx?EID=659
Municipal Staff,"Provo, Utah",,,,,,,https://provo.gov/directory.aspx?EID=660
Municipal Staff,"Provo, Utah",,,,,,,https://provo.gov/directory.aspx?EID=661
Municipal Staff,"Provo, Utah",,,,,,,https://provo.gov/directory.aspx?EID=662
Municipal Staff,"Provo, Utah",,,,,,,https://provo.gov/directory.aspx?EID=663
Municipal Staff,"Provo, Utah",,,,,,,https://provo.gov/directory.aspx?EID=664
Municipal Staff,"Provo, Utah",,,,,,,https://provo.gov/directory.aspx?EID=665
Municipal Staff,"Provo, Utah",,,,,,,https://provo.gov/directory.aspx?EID=666
Municipal Staff,"Provo, Utah",,,,,,,https://provo.gov/directory.aspx?EID=667
Municipal Staff,"Provo, Utah",,,,,,,https://provo.gov/directory.aspx?EID=668
Municipal Staff,"Provo, Utah",,,,,,,https://provo.gov/directory.aspx?EID=669
Municipal Staff,"Provo, Utah",,,,,,,https://provo.gov/directory.aspx?EID=670
Municipal Staff,"Provo, Utah",,,,,,,https://provo.gov/directory.aspx?EID=671
Municipal Staff,"Provo, Utah",,,,,,,https://provo.gov/directory.aspx?EID=672
Municipal Staff,"Provo, Utah",,,,,,,https://provo.gov/directory.aspx?EID=673
Municipal Staff,"Provo, Utah",,,,,,,https://provo.gov/directory.aspx?EID=674
Municipal Staff,"Provo, Utah",,,,,,,https://provo.gov/directory.aspx?EID=675
Municipal Staff,"Provo, Utah",,,,,,,https://provo.gov/directory.aspx?EID=676
Municipal Staff,"Provo, Utah",,,,,,,https://provo.gov/directory.aspx?EID=677
Municipal Staff,"Provo, Utah",,,,,,,https://provo.gov/directory.aspx?EID=678
Municipal Staff,"Provo, Utah",,,,,,,https://provo.gov/directory.aspx?EID=679
Municipal Staff,"Provo, Utah",,,,,,,https://provo.gov/directory.aspx?EID=680
Municipal Staff,"Provo, Utah",,,,,,,https://provo.gov/directory.aspx?EID=681
Municipal Staff,"Provo, Utah",,,,,,,https://provo.gov/directory.aspx?EID=682
Municipal Staff,"Provo, Utah",,,,,,,https://provo.gov/directory.aspx?EID=683
Municipal Staff,"Provo, Utah",,,,,,,https://provo.gov/directory.aspx?EID=684
Municipal Staff,"Provo, Utah",,,,,,,https://provo.gov/directory.aspx?EID=685
Municipal Staff,"Provo, Utah",,,,,,,https://provo.gov/directory.aspx?EID=686
Municipal Staff,"Provo, Utah",,,,,,,https://provo.gov/directory.aspx?EID=687
Municipal Staff,"Provo, Utah",,,,,,,https://provo.gov/directory.aspx?EID=688
Municipal Staff,"Provo, Utah",,,,,,,https://provo.gov/directory.aspx?EID=689
Municipal Staff,"Provo, Utah",,,,,,,https://provo.gov/directory.aspx?EID=690
Municipal Staff,"Provo, Utah",,,,,,,https://provo.gov/directory.aspx?EID=691
Municipal Staff,"Provo, Utah",,,,,,,https://provo.gov/directory.aspx?EID=692
Municipal Staff,"Provo, Utah",,,,,,,https://provo.gov/directory.aspx?EID=693
Municipal Staff,"Provo, Utah",,,,,,,https://provo.gov/directory.aspx?EID=694
Municipal Staff,"Provo, Utah",,,,,,,https://provo.gov/directory.aspx?EID=695
Municipal Staff,"Provo, Utah",,,,,,,https://provo.gov/directory.aspx?EID=696
Municipal Staff,"Provo, Utah",,,,,,,https://provo.gov/directory.aspx?EID=697
Municipal Staff,"Provo, Utah",,,,,,,https://provo.gov/directory.aspx?EID=698
Municipal Staff,"Provo, Utah",,,,,,,https://provo.gov/directory.aspx?EID=699
Municipal Staff,"Provo, Utah",,,,,,,https://provo.gov/directory.aspx?EID=700
Municipal Staff,"Provo, Utah",,,,,,,https://provo.gov/directory.aspx?EID=701
Municipal Staff,"Provo, Utah",,,,,,,https://provo.gov/directory.aspx?EID=702
Municipal Staff,"Provo, Utah",,,,,,,https://provo.gov/directory.aspx?EID=703
Municipal Staff,"Provo, Utah",,,,,,,https://provo.gov/directory.aspx?EID=704
Municipal Staff,"Provo, Utah",,,,,,,https://provo.gov/directory.aspx?EID=705
Municipal Staff,"Provo, Utah",,,,,,,https://provo.gov/directory.aspx?EID=706
Municipal Staff,"Provo, Utah",,,,,,,https://provo.gov/directory.aspx?EID=707
Municipal Staff,"Provo, Utah",,,,,,,https://provo.gov/directory.aspx?EID=708
Municipal Staff,"Provo, Utah",,,,,,,https://provo.gov/directory.aspx?EID=709
Municipal Staff,"Provo, Utah",,,,,,,https://provo.gov/directory.aspx?EID=710
Municipal Staff,"Provo, Utah",,,,,,,https://provo.gov/directory.aspx?EID=711
Municipal Staff,"Provo, Utah",,,,,,,https://provo.gov/directory.aspx?EID=712
Municipal Staff,"Provo, Utah",,,,,,,https://provo.gov/directory.aspx?EID=713
Municipal Staff,"Provo, Utah",,,,,,,https://provo.gov/directory.aspx?EID=714
Municipal Staff,"Provo, Utah",,,,,,,https://provo.gov/directory.aspx?EID=715
Municipal Staff,"Provo, Utah",,,,,,,https://provo.gov/directory.aspx?EID=716
Municipal Staff,"Provo, Utah",,,,,,,https://provo.gov/directory.aspx?EID=717
Municipal Staff,"Provo, Utah",,,,,,,https://provo.gov/directory.aspx?EID=718
Municipal Staff,"Provo, Utah",,,,,,,https://provo.gov/directory.aspx?EID=719
Municipal Staff,"Provo, Utah",,,,,,,https://provo.gov/directory.aspx?EID=720
Municipal Staff,"Provo, Utah",,,,,,,https://provo.gov/directory.aspx?EID=721
Municipal Staff,"Provo, Utah",,,,,,,https://provo.gov/directory.aspx?EID=722
Municipal Staff,"Provo, Utah",,,,,,,https://provo.gov/directory.aspx?EID=723
Municipal Staff,"Provo, Utah",,,,,,,https://provo.gov/directory.aspx?EID=724
Municipal Staff,"Provo, Utah",,,,,,,https://provo.gov/directory.aspx?EID=725
Municipal Staff,"Provo, Utah",,,,,,,https://provo.gov/directory.aspx?EID=726
Municipal Staff,"Provo, Utah",,,,,,,https://provo.gov/directory.aspx?EID=727
Municipal Staff,"Provo, Utah",,,,,,,https://provo.gov/directory.aspx?EID=728
Municipal Staff,"Provo, Utah",,,,,,,https://provo.gov/directory.aspx?EID=729
Municipal Staff,"Provo, Utah",,,,,,,https://provo.gov/directory.aspx?EID=730
Municipal Staff,"Provo, Utah",,,,,,,https://provo.gov/directory.aspx?EID=731
Municipal Staff,"Provo, Utah",,,,,,,https://provo.gov/directory.aspx?EID=732
Municipal Staff,"Provo, Utah",,,,,,,https://provo.gov/directory.aspx?EID=733
Municipal Staff,"Provo, Utah",,,,,,,https://provo.gov/directory.aspx?EID=734
Municipal Staff,"Provo, Utah",,,,,,,https://provo.gov/directory.aspx?EID=735
Municipal Staff,"Provo, Utah",,,,,,,https://provo.gov/directory.aspx?EID=736
Municipal Staff,"Provo, Utah",,,,,,,https://provo.gov/directory.aspx?EID=737
Municipal Staff,"Provo, Utah",,,,,,,https://provo.gov/directory.aspx?EID=738
Municipal Staff,"Provo, Utah",,,,,,,https://provo.gov/directory.aspx?EID=739
Municipal Staff,"Provo, Utah",,,,,,,https://provo.gov/directory.aspx?EID=740
Municipal Staff,"Provo, Utah",,,,,,,https://provo.gov/directory.aspx?EID=741
Municipal Staff,"Provo, Utah",,,,,,,https://provo.gov/directory.aspx?EID=742
Municipal Staff,"Provo, Utah",,,,,,,https://provo.gov/directory.aspx?EID=743
Municipal Staff,"Provo, Utah",,,,,,,https://provo.gov/directory.aspx?EID=744
Municipal Staff,"Provo, Utah",,,,,,,https://provo.gov/directory.aspx?EID=745
Municipal Staff,"Provo, Utah",,,,,,,https://provo.gov/directory.aspx?EID=746
Municipal Staff,"Provo, Utah",,,,,,,https://provo.gov/directory.aspx?EID=747
Municipal Staff,"Provo, Utah",,,,,,,https://provo.gov/directory.aspx?EID=748
Municipal Staff,"Provo, Utah",,,,,,,https://provo.gov/directory.aspx?EID=749
Municipal Staff,"Provo, Utah",,,,,,,https://provo.gov/directory.aspx?EID=750
Municipal Staff,"Provo, Utah",,,,,,,https://provo.gov/directory.aspx?EID=751
Municipal Staff,"Provo, Utah",,,,,,,https://provo.gov/directory.aspx?EID=752
Municipal Staff,"Provo, Utah",,,,,,,https://provo.gov/directory.aspx?EID=753
Municipal Staff,"Provo, Utah",,,,,,,https://provo.gov/directory.aspx?EID=754
Municipal Staff,"Provo, Utah",,,,,,,https://provo.gov/directory.aspx?EID=755
Municipal Staff,"Provo, Utah",,,,,,,https://provo.gov/directory.aspx?EID=756
Municipal Staff,"Provo, Utah",,,,,,,https://provo.gov/directory.aspx?EID=757
Municipal Staff,"Provo, Utah",,,,,,,https://provo.gov/directory.aspx?EID=758
Municipal Staff,"Provo, Utah",,,,,,,https://provo.gov/directory.aspx?EID=759
Municipal Staff,"Provo, Utah",,,,,,,https://provo.gov/directory.aspx?EID=760
Municipal Staff,"Provo, Utah",,,,,,,https://provo.gov/directory.aspx?EID=761
Municipal Staff,"Provo, Utah",,,,,,,https://provo.gov/directory.aspx?EID=762
Municipal Staff,"Provo, Utah",,,,,,,https://provo.gov/directory.aspx?EID=763
Municipal Staff,"Provo, Utah",,,,,,,https://provo.gov/directory.aspx?EID=764
Municipal Staff,"Provo, Utah",,,,,,,https://provo.gov/directory.aspx?EID=765
Municipal Staff,"Provo, Utah",,,,,,,https://provo.gov/directory.aspx?EID=766
Municipal Staff,"Provo, Utah",,,,,,,https://provo.gov/directory.aspx?EID=767
Municipal Staff,"Provo, Utah",,,,,,,https://provo.gov/directory.aspx?EID=768
Municipal Staff,"Provo, Utah",,,,,,,https://provo.gov/directory.aspx?EID=769
Municipal Staff,"Provo, Utah",,,,,,,https://provo.gov/directory.aspx?EID=770
Municipal Staff,"Provo, Utah",,,,,,,https://provo.gov/directory.aspx?EID=771
Municipal Staff,"Provo, Utah",,,,,,,https://provo.gov/directory.aspx?EID=772
Municipal Staff,"Provo, Utah",,,,,,,https://provo.gov/directory.aspx?EID=773
Municipal Staff,"Provo, Utah",,,,,,,https://provo.gov/directory.aspx?EID=774
Municipal Staff,"Provo, Utah",,,,,,,https://provo.gov/directory.aspx?EID=775
Municipal Staff,"Provo, Utah",,,,,,,https://provo.gov/directory.aspx?EID=776
Municipal Staff,"Provo, Utah",,,,,,,https://provo.gov/directory.aspx?EID=777
Municipal Staff,"Provo, Utah",,,,,,,https://provo.gov/directory.aspx?EID=778
Municipal Staff,"Provo, Utah",,,,,,,https://provo.gov/directory.aspx?EID=779
Municipal Staff,"Provo, Utah",,,,,,,https://provo.gov/directory.aspx?EID=780
Municipal Staff,"Provo, Utah",,,,,,,https://provo.gov/directory.aspx?EID=781
Municipal Staff,"Provo, Utah",,,,,,,https://provo.gov/directory.aspx?EID=782
Municipal Staff,"Provo, Utah",,,,,,,https://provo.gov/directory.aspx?EID=783
Municipal Staff,"Provo, Utah",,,,,,,https://provo.gov/directory.aspx?EID=784
Municipal Staff,"Provo, Utah",,,,,,,https://provo.gov/directory.aspx?EID=785
Municipal Staff,"Provo, Utah",,,,,,,https://provo.gov/directory.aspx?EID=786
Municipal Staff,"Provo, Utah",,,,,,,https://provo.gov/directory.aspx?EID=787
Municipal Staff,"Provo, Utah",,,,,,,https://provo.gov/directory.aspx?EID=788
Municipal Staff,"Provo, Utah",,,,,,,https://provo.gov/directory.aspx?EID=789
Municipal Staff,"Provo, Utah",,,,,,,https://provo.gov/directory.aspx?EID=790
Municipal Staff,"Provo, Utah",,,,,,,https://provo.gov/directory.aspx?EID=791
Municipal Staff,"Provo, Utah",,,,,,,https://provo.gov/directory.aspx?EID=792
Municipal Staff,"Provo, Utah",,,,,,,https://provo.gov/directory.aspx?EID=793
Municipal Staff,"Provo, Utah",,,,,,,https://provo.gov/directory.aspx?EID=794
Municipal Staff,"Provo, Utah",,,,,,,https://provo.gov/directory.aspx?EID=795
Municipal Staff,"Provo, Utah",,,,,,,https://provo.gov/directory.aspx?EID=796
Municipal Staff,"Provo, Utah",,,,,,,https://provo.gov/directory.aspx?EID=797
Municipal Staff,"Provo, Utah",,,,,,,https://provo.gov/directory.aspx?EID=798
Municipal Staff,"Provo, Utah",,,,,,,https://provo.gov/directory.aspx?EID=799
Municipal Staff,"Provo, Utah",,,,,,,https://provo.gov/directory.aspx?EID=800
Municipal Staff,"Provo, Utah",,,,,,,https://provo.gov/directory.aspx?EID=801
Municipal Staff,"Provo, Utah",,,,,,,https://provo.gov/directory.aspx?EID=802
Municipal Staff,"Provo, Utah",,,,,,,https://provo.gov/directory.aspx?EID=803
Municipal Staff,"Provo, Utah",,,,,,,https://provo.gov/directory.aspx?EID=804
Municipal Staff,"Provo, Utah",,,,,,,https://provo.gov/directory.aspx?EID=805
Municipal Staff,"Provo, Utah",,,,,,,https://provo.gov/directory.aspx?EID=806
Municipal Staff,"Provo, Utah",,,,,,,https://provo.gov/directory.aspx?EID=807
Municipal Staff,"Provo, Utah",,,,,,,https://provo.gov/directory.aspx?EID=808
Municipal Staff,"Provo, Utah",,,,,,,https://provo.gov/directory.aspx?EID=809
Municipal Staff,"Provo, Utah",,,,,,,https://provo.gov/directory.aspx?EID=810
Municipal Staff,"Provo, Utah",,,,,,,https://provo.gov/directory.aspx?EID=811
Municipal Staff,"Provo, Utah",,,,,,,https://provo.gov/directory.aspx?EID=812
Municipal Staff,"Provo, Utah",,,,,,,https://provo.gov/directory.aspx?EID=813
Municipal Staff,"Provo, Utah",,,,,,,https://provo.gov/directory.aspx?EID=814
Municipal Staff,"Provo, Utah",,,,,,,https://provo.gov/directory.aspx?EID=815
Municipal Staff,"Provo, Utah",,,,,,,https://provo.gov/directory.aspx?EID=816
Municipal Staff,"Provo, Utah",,,,,,,https://provo.gov/directory.aspx?EID=817
Municipal Staff,"Provo, Utah",,,,,,,https://provo.gov/directory.aspx?EID=818
Municipal Staff,"Provo, Utah",,,,,,,https://provo.gov/directory.aspx?EID=819
Municipal Staff,"Provo, Utah",,,,,,,https://provo.gov/directory.aspx?EID=820
Municipal Staff,"Provo, Utah",,,,,,,https://provo.gov/directory.aspx?EID=821
Municipal Staff,"Provo, Utah",,,,,,,https://provo.gov/directory.aspx?EID=822
Municipal Staff,"Provo, Utah",,,,,,,https://provo.gov/directory.aspx?EID=823
Municipal Staff,"Provo, Utah",,,,,,,https://provo.gov/directory.aspx?EID=824
Municipal Staff,"Provo, Utah",,,,,,,https://provo.gov/directory.aspx?EID=825
Municipal Staff,"Provo, Utah",,,,,,,https://provo.gov/directory.aspx?EID=826
Municipal Staff,"Provo, Utah",,,,,,,https://provo.gov/directory.aspx?EID=827
Municipal Staff,"Provo, Utah",,,,,,,https://provo.gov/directory.aspx?EID=828
Municipal Staff,"Provo, Utah",,,,,,,https://provo.gov/directory.aspx?EID=829
Municipal Staff,"Provo, Utah",,,,,,,https://provo.gov/directory.aspx?EID=830
Municipal Staff,"Provo, Utah",,,,,,,https://provo.gov/directory.aspx?EID=831
Municipal Staff,"Provo, Utah",,,,,,,https://provo.gov/directory.aspx?EID=832
Municipal Staff,"Provo, Utah",,,,,,,https://provo.gov/directory.aspx?EID=833
Municipal Staff,"Provo, Utah",,,,,,,https://provo.gov/directory.aspx?EID=834
Municipal Staff,"Provo, Utah",,,,,,,https://provo.gov/directory.aspx?EID=835
Municipal Staff,"Provo, Utah",,,,,,,https://provo.gov/directory.aspx?EID=836
Municipal Staff,"Provo, Utah",,,,,,,https://provo.gov/directory.aspx?EID=837
Municipal Staff,"Provo, Utah",,,,,,,https://provo.gov/directory.aspx?EID=838
Municipal Staff,"Provo, Utah",,,,,,,https://provo.gov/directory.aspx?EID=839
Municipal Staff,"Provo, Utah",,,,,,,https://provo.gov/directory.aspx?EID=840
Municipal Staff,"Provo, Utah",,,,,,,https://provo.gov/directory.aspx?EID=841
Municipal Staff,"Provo, Utah",,,,,,,https://provo.gov/directory.aspx?EID=842
Municipal Staff,"Provo, Utah",,,,,,,https://provo.gov/directory.aspx?EID=843
Municipal Staff,"Provo, Utah",,,,,,,https://provo.gov/directory.aspx?EID=844
Municipal Staff,"Provo, Utah",,,,,,,https://provo.gov/directory.aspx?EID=845
Municipal Staff,"Provo, Utah",,,,,,,https://provo.gov/directory.aspx?EID=846
Municipal Staff,"Provo, Utah",,,,,,,https://provo.gov/directory.aspx?EID=847
Municipal Staff,"Provo, Utah",,,,,,,https://provo.gov/directory.aspx?EID=848
Municipal Staff,"Provo, Utah",,,,,,,https://provo.gov/directory.aspx?EID=849
Municipal Staff,"Provo, Utah",,,,,,,https://provo.gov/directory.aspx?EID=850
Municipal Staff,"Provo, Utah",,,,,,,https://provo.gov/directory.aspx?EID=851
Municipal Staff,"Provo, Utah",,,,,,,https://provo.gov/directory.aspx?EID=852
Municipal Staff,"Provo, Utah",,,,,,,https://provo.gov/directory.aspx?EID=853
Municipal Staff,"Provo, Utah",,,,,,,https://provo.gov/directory.aspx?EID=854
Municipal Staff,"Provo, Utah",,,,,,,https://provo.gov/directory.aspx?EID=855
Municipal Staff,"Provo, Utah",,,,,,,https://provo.gov/directory.aspx?EID=856
Municipal Staff,"Provo, Utah",,,,,,,https://provo.gov/directory.aspx?EID=857
Municipal Staff,"Provo, Utah",,,,,,,https://provo.gov/directory.aspx?EID=858
Municipal Staff,"Provo, Utah",,,,,,,https://provo.gov/directory.aspx?EID=859
Municipal Staff,"Provo, Utah",,,,,,,https://provo.gov/directory.aspx?EID=860
Municipal Staff,"Provo, Utah",,,,,,,https://provo.gov/directory.aspx?EID=861
Municipal Staff,"Provo, Utah",,,,,,,https://provo.gov/directory.aspx?EID=862
Municipal Staff,"Provo, Utah",,,,,,,https://provo.gov/directory.aspx?EID=863
Municipal Staff,"Provo, Utah",,,,,,,https://provo.gov/directory.aspx?EID=864
Municipal Staff,"Provo, Utah",,,,,,,https://provo.gov/directory.aspx?EID=865
Municipal Staff,"Provo, Utah",,,,,,,https://provo.gov/directory.aspx?EID=866
Municipal Staff,"Provo, Utah",,,,,,,https://provo.gov/directory.aspx?EID=867
Municipal Staff,"Provo, Utah",,,,,,,https://provo.gov/directory.aspx?EID=868
Municipal Staff,"Provo, Utah",,,,,,,https://provo.gov/directory.aspx?EID=869
Municipal Staff,"Provo, Utah",,,,,,,https://provo.gov/directory.aspx?EID=870
Municipal Staff,"Provo, Utah",,,,,,,https://provo.gov/directory.aspx?EID=871
Municipal Staff,"Provo, Utah",,,,,,,https://provo.gov/directory.aspx?EID=872
Municipal Staff,"Provo, Utah",,,,,,,https://provo.gov/directory.aspx?EID=873
Municipal Staff,"Provo, Utah",,,,,,,https://provo.gov/directory.aspx?EID=874
Municipal Staff,"Provo, Utah",,,,,,,https://provo.gov/directory.aspx?EID=875
Municipal Staff,"Provo, Utah",,,,,,,https://provo.gov/directory.aspx?EID=876
Municipal Staff,"Provo, Utah",,,,,,,https://provo.gov/directory.aspx?EID=877
Municipal Staff,"Provo, Utah",,,,,,,https://provo.gov/directory.aspx?EID=878
Municipal Staff,"Provo, Utah",,,,,,,https://provo.gov/directory.aspx?EID=879
Municipal Staff,"Provo, Utah",,,,,,,https://provo.gov/directory.aspx?EID=880
Municipal Staff,"Provo, Utah",,,,,,,https://provo.gov/directory.aspx?EID=881
Municipal Staff,"Provo, Utah",,,,,,,https://provo.gov/directory.aspx?EID=882
Municipal Staff,"Provo, Utah",,,,,,,https://provo.gov/directory.aspx?EID=883
Municipal Staff,"Provo, Utah",,,,,,,https://provo.gov/directory.aspx?EID=884
Municipal Staff,"Provo, Utah",,,,,,,https://provo.gov/directory.aspx?EID=885
Municipal Staff,"Provo, Utah",,,,,,,https://provo.gov/directory.aspx?EID=886
Municipal Staff,"Provo, Utah",,,,,,,https://provo.gov/directory.aspx?EID=887
Municipal Staff,"Provo, Utah",,,,,,,https://provo.gov/directory.aspx?EID=888
Municipal Staff,"Provo, Utah",,,,,,,https://provo.gov/directory.aspx?EID=889
Municipal Staff,"Provo, Utah",,,,,,,https://provo.gov/directory.aspx?EID=890
Municipal Staff,"Provo, Utah",,,,,,,https://provo.gov/directory.aspx?EID=891
Municipal Staff,"Provo, Utah",,,,,,,https://provo.gov/directory.aspx?EID=892
Municipal Staff,"Provo, Utah",,,,,,,https://provo.gov/directory.aspx?EID=893
Municipal Staff,"Provo, Utah",,,,,,,https://provo.gov/directory.aspx?EID=894
Municipal Staff,"Provo, Utah",,,,,,,https://provo.gov/directory.aspx?EID=895
Municipal Staff,"Provo, Utah",,,,,,,https://provo.gov/directory.aspx?EID=896
Municipal Staff,"Provo, Utah",,,,,,,https://provo.gov/directory.aspx?EID=897
Municipal Staff,"Provo, Utah",,,,,,,https://provo.gov/directory.aspx?EID=898
Municipal Staff,"Provo, Utah",,,,,,,https://provo.gov/directory.aspx?EID=899
Municipal Staff,"Provo, Utah",,,,,,,https://provo.gov/directory.aspx?EID=900
Municipal Staff,"Provo, Utah",,,,,,,https://provo.gov/directory.aspx?EID=901
Municipal Staff,"Provo, Utah",,,,,,,https://provo.gov/directory.aspx?EID=902
Municipal Staff,"Provo, Utah",,,,,,,https://provo.gov/directory.aspx?EID=903
Municipal Staff,"Provo, Utah",,,,,,,https://provo.gov/directory.aspx?EID=904
Municipal Staff,"Provo, Utah",,,,,,,https://provo.gov/directory.aspx?EID=905
Municipal Staff,"Provo, Utah",,,,,,,https://provo.gov/directory.aspx?EID=906
Municipal Staff,"Provo, Utah",,,,,,,https://provo.gov/directory.aspx?EID=907
Municipal Staff,"Provo, Utah",,,,,,,https://provo.gov/directory.aspx?EID=908
Municipal Staff,"Provo, Utah",,,,,,,https://provo.gov/directory.aspx?EID=909
Municipal Staff,"Provo, Utah",,,,,,,https://provo.gov/directory.aspx?EID=910
Municipal Staff,"Provo, Utah",,,,,,,https://provo.gov/directory.aspx?EID=911
Municipal Staff,"Provo, Utah",,,,,,,https://provo.gov/directory.aspx?EID=912
Municipal Staff,"Provo, Utah",,,,,,,https://provo.gov/directory.aspx?EID=913
Municipal Staff,"Provo, Utah",,,,,,,https://provo.gov/directory.aspx?EID=914
Municipal Staff,"Provo, Utah",,,,,,,https://provo.gov/directory.aspx?EID=915
Municipal Staff,"Provo, Utah",,,,,,,https://provo.gov/directory.aspx?EID=916
Municipal Staff,"Provo, Utah",,,,,,,https://provo.gov/directory.aspx?EID=917
Municipal Staff,"Provo, Utah",,,,,,,https://provo.gov/directory.aspx?EID=918
Municipal Staff,"Provo, Utah",,,,,,,https://provo.gov/directory.aspx?EID=919
Municipal Staff,"Provo, Utah",,,,,,,https://provo.gov/directory.aspx?EID=920
Municipal Staff,"Provo, Utah",,,,,,,https://provo.gov/directory.aspx?EID=921
Municipal Staff,"Provo, Utah",,,,,,,https://provo.gov/directory.aspx?EID=922
Municipal Staff,"Provo, Utah",,,,,,,https://provo.gov/directory.aspx?EID=923
Municipal Staff,"Provo, Utah",,,,,,,https://provo.gov/directory.aspx?EID=924
Municipal Staff,"Provo, Utah",,,,,,,https://provo.gov/directory.aspx?EID=925
Municipal Staff,"Provo, Utah",,,,,,,https://provo.gov/directory.aspx?EID=926
Municipal Staff,"Provo, Utah",,,,,,,https://provo.gov/directory.aspx?EID=927
Municipal Staff,"Provo, Utah",,,,,,,https://provo.gov/directory.aspx?EID=928
Municipal Staff,"Provo, Utah",,,,,,,https://provo.gov/directory.aspx?EID=929
Municipal Staff,"Provo, Utah",,,,,,,https://provo.gov/directory.aspx?EID=930
Municipal Staff,"Provo, Utah",,,,,,,https://provo.gov/directory.aspx?EID=931
Municipal Staff,"Provo, Utah",,,,,,,https://provo.gov/directory.aspx?EID=932
Municipal Staff,"Provo, Utah",,,,,,,https://provo.gov/directory.aspx?EID=933
Municipal Staff,"Provo, Utah",,,,,,,https://provo.gov/directory.aspx?EID=934
Municipal Staff,"Provo, Utah",,,,,,,https://provo.gov/directory.aspx?EID=935
Municipal Staff,"Provo, Utah",,,,,,,https://provo.gov/directory.aspx?EID=936
Municipal Staff,"Provo, Utah",,,,,,,https://provo.gov/directory.aspx?EID=937
Municipal Staff,"Provo, Utah",,,,,,,https://provo.gov/directory.aspx?EID=938
Municipal Staff,"Provo, Utah",,,,,,,https://provo.gov/directory.aspx?EID=939
Municipal Staff,"Provo, Utah",,,,,,,https://provo.gov/directory.aspx?EID=940
Municipal Staff,"Provo, Utah",,,,,,,https://provo.gov/directory.aspx?EID=941
Municipal Staff,"Provo, Utah",,,,,,,https://provo.gov/directory.aspx?EID=942
Municipal Staff,"Provo, Utah",,,,,,,https://provo.gov/directory.aspx?EID=943
Municipal Staff,"Provo, Utah",,,,,,,https://provo.gov/directory.aspx?EID=944
Municipal Staff,"Provo, Utah",,,,,,,https://provo.gov/directory.aspx?EID=945
Municipal Staff,"Provo, Utah",,,,,,,https://provo.gov/directory.aspx?EID=946
Municipal Staff,"Provo, Utah",,,,,,,https://provo.gov/directory.aspx?EID=947
Municipal Staff,"Provo, Utah",,,,,,,https://provo.gov/directory.aspx?EID=948
Municipal Staff,"Provo, Utah",,,,,,,https://provo.gov/directory.aspx?EID=949
Municipal Staff,"Provo, Utah",,,,,,,https://provo.gov/directory.aspx?EID=950
Municipal Staff,"Provo, Utah",,,,,,,https://provo.gov/directory.aspx?EID=951
Municipal Staff,"Provo, Utah",,,,,,,https://provo.gov/directory.aspx?EID=952
Municipal Staff,"Provo, Utah",,,,,,,https://provo.gov/directory.aspx?EID=953
Municipal Staff,"Provo, Utah",,,,,,,https://provo.gov/directory.aspx?EID=954
Municipal Staff,"Provo, Utah",,,,,,,https://provo.gov/directory.aspx?EID=955
Municipal Staff,"Provo, Utah",,,,,,,https://provo.gov/directory.aspx?EID=956
Municipal Staff,"Provo, Utah",,,,,,,https://provo.gov/directory.aspx?EID=957
Municipal Staff,"Provo, Utah",,,,,,,https://provo.gov/directory.aspx?EID=958
Municipal Staff,"Provo, Utah",,,,,,,https://provo.gov/directory.aspx?EID=959
Municipal Staff,"Provo, Utah",,,,,,,https://provo.gov/directory.aspx?EID=960
Municipal Staff,"Provo, Utah",,,,,,,https://provo.gov/directory.aspx?EID=961
Municipal Staff,"Provo, Utah",,,,,,,https://provo.gov/directory.aspx?EID=962
Municipal Staff,"Provo, Utah",,,,,,,https://provo.gov/directory.aspx?EID=963
Municipal Staff,"Provo, Utah",,,,,,,https://provo.gov/directory.aspx?EID=964
Municipal Staff,"Provo, Utah",,,,,,,https://provo.gov/directory.aspx?EID=965
Municipal Staff,"Provo, Utah",,,,,,,https://provo.gov/directory.aspx?EID=966
Municipal Staff,"Provo, Utah",,,,,,,https://provo.gov/directory.aspx?EID=967
Municipal Staff,"Provo, Utah",,,,,,,https://provo.gov/directory.aspx?EID=968
Municipal Staff,"Provo, Utah",,,,,,,https://provo.gov/directory.aspx?EID=969
Municipal Staff,"Provo, Utah",,,,,,,https://provo.gov/directory.aspx?EID=970
Municipal Staff,"Provo, Utah",,,,,,,https://provo.gov/directory.aspx?EID=971
Municipal Staff,"Provo, Utah",,,,,,,https://provo.gov/directory.aspx?EID=972
Municipal Staff,"Provo, Utah",,,,,,,https://provo.gov/directory.aspx?EID=973
Municipal Staff,"Provo, Utah",,,,,,,https://provo.gov/directory.aspx?EID=974
Municipal Staff,"Provo, Utah",,,,,,,https://provo.gov/directory.aspx?EID=975
Municipal Staff,"Provo, Utah",,,,,,,https://provo.gov/directory.aspx?EID=976
Municipal Staff,"Provo, Utah",,,,,,,https://provo.gov/directory.aspx?EID=977
Municipal Staff,"Provo, Utah",,,,,,,https://provo.gov/directory.aspx?EID=978
Municipal Staff,"Provo, Utah",,,,,,,https://provo.gov/directory.aspx?EID=979
Municipal Staff,"Provo, Utah",,,,,,,https://provo.gov/directory.aspx?EID=980
Municipal Staff,"Provo, Utah",,,,,,,https://provo.gov/directory.aspx?EID=981
Municipal Staff,"Provo, Utah",,,,,,,https://provo.gov/directory.aspx?EID=982
Municipal Staff,"Provo, Utah",,,,,,,https://provo.gov/directory.aspx?EID=983
Municipal Staff,"Provo, Utah",,,,,,,https://provo.gov/directory.aspx?EID=984
Municipal Staff,"Provo, Utah",,,,,,,https://provo.gov/directory.aspx?EID=985
Municipal Staff,"Provo, Utah",,,,,,,https://provo.gov/directory.aspx?EID=986
Municipal Staff,"Provo, Utah",,,,,,,https://provo.gov/directory.aspx?EID=987
Municipal Staff,"Provo, Utah",,,,,,,https://provo.gov/directory.aspx?EID=988
Municipal Staff,"Provo, Utah",,,,,,,https://provo.gov/directory.aspx?EID=989
Municipal Staff,"Provo, Utah",,,,,,,https://provo.gov/directory.aspx?EID=990
Municipal Staff,"Provo, Utah",,,,,,,https://provo.gov/directory.aspx?EID=991
Municipal Staff,"Provo, Utah",,,,,,,https://provo.gov/directory.aspx?EID=992
Municipal Staff,"Provo, Utah",,,,,,,https://provo.gov/directory.aspx?EID=993
Municipal Staff,"Provo, Utah",,,,,,,https://provo.gov/directory.aspx?EID=994
Municipal Staff,"Provo, Utah",,,,,,,https://provo.gov/directory.aspx?EID=995
Municipal Staff,"Provo, Utah",,,,,,,https://provo.gov/directory.aspx?EID=996
Municipal Staff,"Provo, Utah",,,,,,,https://provo.gov/directory.aspx?EID=997
Municipal Staff,"Provo, Utah",,,,,,,https://provo.gov/directory.aspx?EID=998
Municipal Staff,"Provo, Utah",,,,,,,https://provo.gov/directory.aspx?EID=999
